region,component,aud_per_nominal_day
NSW1,trading_component_symmetric,52.172888238734906
NSW1,terminal_component_symmetric,-5.68006758533205
NSW1,total_history_difference,46.49282065340286
QLD1,trading_component_symmetric,43.703699654401994
QLD1,terminal_component_symmetric,-0.13556080521141142
QLD1,total_history_difference,43.56813884919058
SA1,trading_component_symmetric,23.33530608645072
SA1,terminal_component_symmetric,0.15129113115447484
SA1,total_history_difference,23.486597217605198
TAS1,trading_component_symmetric,-5.222567932581243
TAS1,terminal_component_symmetric,3.357665296536017
TAS1,total_history_difference,-1.864902636045226
VIC1,trading_component_symmetric,16.4564419940796
VIC1,terminal_component_symmetric,-0.14443267734800308
VIC1,total_history_difference,16.312009316731597
five_independent_assets_sum,trading_component_symmetric,130.44576804108598
five_independent_assets_sum,terminal_component_symmetric,-2.451104640200972
five_independent_assets_sum,total_history_difference,127.994663400885
