region,contrast,asset_count,mechanical_aud_per_mw_year,mechanical_ci_low_aud_per_mw_year,mechanical_ci_high_aud_per_mw_year,conditional_daily_ci,annualization_scope
NSW1,sparse_equal minus raw,1,16969.879538492045,7499.725992236761,29365.088485157907,973 interior paired dates; fixed partial boundaries and common endpoint mark differences,historical difference mechanically scaled to365 days per1MW; no forecast of future return
QLD1,sparse_equal minus raw,1,15902.370679954562,5848.282534688575,28660.823263455823,973 interior paired dates; fixed partial boundaries and common endpoint mark differences,historical difference mechanically scaled to365 days per1MW; no forecast of future return
SA1,sparse_equal minus raw,1,8572.607984425897,-4097.604305848704,21978.082108975923,973 interior paired dates; fixed partial boundaries and common endpoint mark differences,historical difference mechanically scaled to365 days per1MW; no forecast of future return
TAS1,sparse_equal minus raw,1,-680.6894621565075,-4770.556960581215,3063.901422817563,973 interior paired dates; fixed partial boundaries and common endpoint mark differences,historical difference mechanically scaled to365 days per1MW; no forecast of future return
VIC1,sparse_equal minus raw,1,5953.883400607033,2949.6012546769784,9476.351381852963,973 interior paired dates; fixed partial boundaries and common endpoint mark differences,historical difference mechanically scaled to365 days per1MW; no forecast of future return
NSW1,sparse minus selected current-only,1,6710.216346245429,-2889.5376751924478,18140.48800476335,973 interior paired dates; fixed partial boundaries and common endpoint mark differences,historical difference mechanically scaled to365 days per1MW; no forecast of future return
QLD1,sparse minus selected current-only,1,5377.926689661307,-3766.351381339747,15686.336707329772,973 interior paired dates; fixed partial boundaries and common endpoint mark differences,historical difference mechanically scaled to365 days per1MW; no forecast of future return
SA1,sparse minus selected current-only,1,8206.739065117688,-2976.3541697273613,20027.16015173844,973 interior paired dates; fixed partial boundaries and common endpoint mark differences,historical difference mechanically scaled to365 days per1MW; no forecast of future return
TAS1,sparse minus selected current-only,1,-7983.610882313541,-16006.089547013738,-1883.4293533088255,973 interior paired dates; fixed partial boundaries and common endpoint mark differences,historical difference mechanically scaled to365 days per1MW; no forecast of future return
VIC1,sparse minus selected current-only,1,-1336.0857253409877,-8975.020710408915,4195.971136483176,973 interior paired dates; fixed partial boundaries and common endpoint mark differences,historical difference mechanically scaled to365 days per1MW; no forecast of future return
NSW1,inverse_lead minus selected current-only,1,4798.883369565803,-2255.9245670705227,12243.653575353936,973 interior paired dates; fixed partial boundaries and common endpoint mark differences,historical difference mechanically scaled to365 days per1MW; no forecast of future return
QLD1,inverse_lead minus selected current-only,1,4353.459882054133,-5639.049801217835,14480.741388340444,973 interior paired dates; fixed partial boundaries and common endpoint mark differences,historical difference mechanically scaled to365 days per1MW; no forecast of future return
SA1,inverse_lead minus selected current-only,1,20662.61678810168,8399.664684199959,35421.34989192096,973 interior paired dates; fixed partial boundaries and common endpoint mark differences,historical difference mechanically scaled to365 days per1MW; no forecast of future return
TAS1,inverse_lead minus selected current-only,1,-5836.724675864788,-11210.314221374989,-277.1968571755333,973 interior paired dates; fixed partial boundaries and common endpoint mark differences,historical difference mechanically scaled to365 days per1MW; no forecast of future return
VIC1,inverse_lead minus selected current-only,1,4520.661636124349,1050.2977741370705,8712.057974145006,973 interior paired dates; fixed partial boundaries and common endpoint mark differences,historical difference mechanically scaled to365 days per1MW; no forecast of future return
