status,policy,initial_soc_mwh,origins,net_operating_aud,endpoint_mark_aud,marked_value_aud,final_soc_mwh,gate_count,fallback_count,fallback_share,seconds,summed_origin_seconds,max_primary_loss_upper_aud,max_primary_gap_aud,maximum_physical_balance_error_mwh,source,increment_vs_current_aud,regret_vs_il_aud
PASS,current_smooth_a050,0.2,1488,7399.651782392174,2.2480626130319994,7401.899845005206,0.20000089970149584,0,0,,4.753270299988799,4.63011749976431,1.0000000656873453e-05,0.0,3.3306690738754696e-16,previously evaluated chronological exploratory month; no significance/noninferiority inference,0.0,4939.962280374415
PASS,current_smooth_a050,1.8,1488,7475.666699904883,-90.51993665454611,7385.146763250337,0.20000089970149584,0,0,,4.830309800017858,4.707753799506463,1.0000000656873453e-05,0.0,3.3306690738754696e-16,previously evaluated chronological exploratory month; no significance/noninferiority inference,0.0,4934.907284774012
PASS,full_equal,0.2,1488,12151.102617591901,2.248118509973322,12153.350736101875,0.2000017072273603,0,0,,5.3112800999952015,5.169775600079447,1.0000000656873453e-05,0.0,1.1102230246251565e-16,previously evaluated chronological exploratory month; no significance/noninferiority inference,4751.450891096669,188.51138927774628
PASS,full_equal,1.8,1488,12222.062526930844,-90.5198807576048,12131.542646173239,0.2000017072273603,0,0,,5.158344399998896,5.021932099974947,1.0000000656873453e-05,0.0,1.1102230246251565e-16,previously evaluated chronological exploratory month; no significance/noninferiority inference,4746.395882922901,188.51140185111035
PASS,global3_gate,0.2,1488,12355.35435869864,2.248046925178782,12357.602405623818,0.20000067306392086,1488,246,0.16532258064516128,7.907654699985869,7.719830500107491,1.0000000656873453e-05,0.0,3.885780586188048e-16,previously evaluated chronological exploratory month; no significance/noninferiority inference,4955.702560618613,-15.740280244197493
PASS,global3_gate,1.8,1488,12426.31423414446,-90.51995234239934,12335.79428180206,0.20000067306392086,1488,248,0.16666666666666666,7.899607300001662,7.710895100521157,1.0000000656873453e-05,0.0,3.885780586188048e-16,previously evaluated chronological exploratory month; no significance/noninferiority inference,4950.647518551723,-15.740233777711182
PASS,inverse_lead,0.2,1488,12339.613933141396,2.2481922382252897,12341.862125379621,0.20000277235666783,0,0,,4.744727999990573,4.612291600060416,1.0000001566368155e-05,0.0,2.1094237467877974e-15,previously evaluated chronological exploratory month; no significance/noninferiority inference,4939.962280374415,0.0
PASS,inverse_lead,1.8,1488,12410.573855053703,-90.51980702935283,12320.054048024349,0.20000277235666783,0,0,,4.6738425999938045,4.544928100018296,1.0000001566368155e-05,0.0,2.1094237467877974e-15,previously evaluated chronological exploratory month; no significance/noninferiority inference,4934.907284774012,0.0
PASS,raw,0.2,1488,4926.397799083992,2.248052314254563,4928.645851398247,0.20000075091823588,0,0,,6.300509900000179,6.137484499224229,1.0000000656873453e-05,0.0,2.22044604511441e-16,previously evaluated chronological exploratory month; no significance/noninferiority inference,-2473.253993606959,7413.216273981374
PASS,raw,1.8,1488,5002.41272144646,-90.51994695332355,4911.892774493136,0.20000075091823588,0,0,,6.207064199988963,6.048873700143304,1.0000000656873453e-05,0.0,2.22044604511441e-16,previously evaluated chronological exploratory month; no significance/noninferiority inference,-2473.253988757201,7408.161273531213
PASS,sparse_equal,0.2,1488,6211.867775175104,2.2480718322965973,6214.115847007401,0.2000010328893669,0,0,,5.975403799995547,5.818053100025281,1.0000021575251594e-05,0.0,5.551115123125783e-16,previously evaluated chronological exploratory month; no significance/noninferiority inference,-1187.7839979978053,6127.74627837222
PASS,sparse_equal,1.8,1488,6287.8826950940165,-90.51992743528152,6197.362767658735,0.2000010328893669,0,0,,5.866750099987257,5.7089291999000125,1.0000021575251594e-05,0.0,5.551115123125783e-16,previously evaluated chronological exploratory month; no significance/noninferiority inference,-1187.7839955916024,6122.691280365614
PASS,state3_gate,0.2,1488,12353.921013629832,2.248052661465513,12356.169066291297,0.20000075593428535,1488,253,0.1700268817204301,5.9005143999820575,5.747137699654559,1.0000001566368155e-05,0.0,2.317129698572369e-16,previously evaluated chronological exploratory month; no significance/noninferiority inference,4954.269221286091,-14.306940911676065
PASS,state3_gate,1.8,1488,12424.880890259452,-90.51994660611261,12334.360943653339,0.20000075593428535,1488,255,0.17137096774193547,5.858963499980746,5.707348899304634,1.0000001566368155e-05,0.0,2.317129698572369e-16,previously evaluated chronological exploratory month; no significance/noninferiority inference,4949.214180403002,-14.306895628989878
PASS,state3_no_gate,0.2,1488,8021.382729688733,2.24805278582007,8023.630782474553,0.20000075773079726,0,0,,5.532647800020641,5.357771800307091,1.0000003101140464e-05,0.0,5.551115123125783e-16,previously evaluated chronological exploratory month; no significance/noninferiority inference,621.7309374693468,4318.231342905068
PASS,state3_no_gate,1.8,1488,8097.397641615962,-90.51994648175805,8006.877695134204,0.20000075773079726,0,0,,5.466089800000191,5.294190800370416,1.0000003101140464e-05,0.0,5.551115123125783e-16,previously evaluated chronological exploratory month; no significance/noninferiority inference,621.730931883867,4313.176352890145
PASS,static9,0.2,1488,12339.613933141396,2.2481922382252897,12341.862125379621,0.20000277235666783,0,0,,4.0163520999776665,3.863401201029774,1.0000001566368155e-05,0.0,2.1094237467877974e-15,previously evaluated chronological exploratory month; no significance/noninferiority inference,4939.962280374415,0.0
PASS,static9,1.8,1488,12410.573855053703,-90.51980702935283,12320.054048024349,0.20000277235666783,0,0,,4.0583761999732815,3.9020395993138663,1.0000001566368155e-05,0.0,2.1094237467877974e-15,previously evaluated chronological exploratory month; no significance/noninferiority inference,4934.907284774012,0.0
