branch,region,event_id,marked_delta_aud
one_history_then_raw,NSW1,0,0.0
history_rolling,NSW1,0,0.6564674457310475
one_history_then_raw,NSW1,35,0.0
history_rolling,NSW1,35,3.079114266300593
one_history_then_raw,NSW1,69,0.0
history_rolling,NSW1,69,59.88979754450793
one_history_then_raw,NSW1,104,-9.07580591684382
history_rolling,NSW1,104,78.22900577751312
one_history_then_raw,NSW1,138,-2.5599628372674488e-06
history_rolling,NSW1,138,44.78784060451592
one_history_then_raw,NSW1,173,-2.8069106861039472e-06
history_rolling,NSW1,173,146.044128301486
one_history_then_raw,NSW1,207,9.804338787944287e-06
history_rolling,NSW1,207,40.42971158698056
one_history_then_raw,NSW1,242,0.0
history_rolling,NSW1,242,67.54535977294793
one_history_then_raw,NSW1,276,-8.633975312477561e-09
history_rolling,NSW1,276,100.02110381542364
one_history_then_raw,NSW1,311,-1.3593300991487922e-06
history_rolling,NSW1,311,70.73866609293303
one_history_then_raw,NSW1,345,0.0
history_rolling,NSW1,345,45.69339442164031
one_history_then_raw,NSW1,380,-5.212050078031439
history_rolling,NSW1,380,47.51910051110906
one_history_then_raw,NSW1,414,0.0
history_rolling,NSW1,414,18.78227014387579
one_history_then_raw,NSW1,449,0.0
history_rolling,NSW1,449,35.68746824073936
one_history_then_raw,NSW1,483,-4.619803576133563e-06
history_rolling,NSW1,483,-7.658460639618161
one_history_then_raw,NSW1,518,0.0
history_rolling,NSW1,518,172.03066743300482
one_history_then_raw,NSW1,552,6.467530511145014e-09
history_rolling,NSW1,552,12.070791645295396
one_history_then_raw,NSW1,587,0.0
history_rolling,NSW1,587,-31.54539033517895
one_history_then_raw,NSW1,621,6.379279966495233e-07
history_rolling,NSW1,621,39.594265801249705
one_history_then_raw,NSW1,656,0.0
history_rolling,NSW1,656,3.735467656697693
one_history_then_raw,QLD1,0,0.0
history_rolling,QLD1,0,-0.048880286963481
one_history_then_raw,QLD1,34,0.0
history_rolling,QLD1,34,39.23152019424855
one_history_then_raw,QLD1,69,0.0
history_rolling,QLD1,69,64.52150353591216
one_history_then_raw,QLD1,103,0.0
history_rolling,QLD1,103,-14.09820786943448
one_history_then_raw,QLD1,138,0.0
history_rolling,QLD1,138,5.09501682942323
one_history_then_raw,QLD1,172,-10.342873643261925
history_rolling,QLD1,172,152.46050689062017
one_history_then_raw,QLD1,207,-2.2845632884127557e-05
history_rolling,QLD1,207,22.08146064836586
one_history_then_raw,QLD1,241,-15.182055002577954
history_rolling,QLD1,241,1871.680319909729
one_history_then_raw,QLD1,275,3.470348133305379e-07
history_rolling,QLD1,275,76.38497352590362
one_history_then_raw,QLD1,310,0.971988012080601
history_rolling,QLD1,310,83.79690290402533
one_history_then_raw,QLD1,344,0.0
history_rolling,QLD1,344,1.0575595706862373
one_history_then_raw,QLD1,379,-2.77554715921724e-06
history_rolling,QLD1,379,-44.81876624590327
one_history_then_raw,QLD1,413,0.0
history_rolling,QLD1,413,72.34877667964366
one_history_then_raw,QLD1,447,0.0
history_rolling,QLD1,447,-6.475299464789032
one_history_then_raw,QLD1,482,0.0
history_rolling,QLD1,482,25.58493993045913
one_history_then_raw,QLD1,516,1.7347769000215294
history_rolling,QLD1,516,47.47704377763501
one_history_then_raw,QLD1,551,-9.466971188957018
history_rolling,QLD1,551,-15.982653006419923
one_history_then_raw,QLD1,585,0.0
history_rolling,QLD1,585,-15.554171453963988
one_history_then_raw,QLD1,620,0.0
history_rolling,QLD1,620,6.3566467746624085
one_history_then_raw,QLD1,654,0.0
history_rolling,QLD1,654,19.323864376601165
one_history_then_raw,SA1,0,5.83762908846154
history_rolling,SA1,0,-9.713052787572376
one_history_then_raw,SA1,20,0.0
history_rolling,SA1,20,174.02810089002654
one_history_then_raw,SA1,40,0.000143434853669
history_rolling,SA1,40,-22.126113181426604
one_history_then_raw,SA1,59,0.0
history_rolling,SA1,59,84.82712020090567
one_history_then_raw,SA1,79,-1.8666781897991317e-08
history_rolling,SA1,79,84.98016363707883
one_history_then_raw,SA1,99,4.6254286075964046e-05
history_rolling,SA1,99,-88.37503319842422
one_history_then_raw,SA1,119,-1.15203988571011e-08
history_rolling,SA1,119,13.756902512053465
one_history_then_raw,SA1,139,0.0
history_rolling,SA1,139,175.19618204275852
one_history_then_raw,SA1,158,-2.2612968706425814e-05
history_rolling,SA1,158,31.60064777910347
one_history_then_raw,SA1,178,0.0
history_rolling,SA1,178,-6906.607873304685
one_history_then_raw,SA1,198,9.4990689518485
history_rolling,SA1,198,22.52385991644708
one_history_then_raw,SA1,218,0.0
history_rolling,SA1,218,19.495421072419216
one_history_then_raw,SA1,237,81.47497342311132
history_rolling,SA1,237,91.40381571443773
one_history_then_raw,SA1,257,81.46408239051118
history_rolling,SA1,257,177.49571465818906
one_history_then_raw,SA1,277,0.0
history_rolling,SA1,277,176.3330317542551
one_history_then_raw,SA1,297,-17.932366878877133
history_rolling,SA1,297,-47.97134676741344
one_history_then_raw,SA1,317,0.0
history_rolling,SA1,317,-90.72409570329722
one_history_then_raw,SA1,336,0.0
history_rolling,SA1,336,-0.5927571004422847
one_history_then_raw,SA1,356,3.7130384100692022e-06
history_rolling,SA1,356,83.77555294776477
one_history_then_raw,SA1,376,34.78190981635257
history_rolling,SA1,376,47.26790825059078
one_history_then_raw,TAS1,0,0.0
history_rolling,TAS1,0,21.45991856278771
one_history_then_raw,TAS1,30,1.758523696749435
history_rolling,TAS1,30,1.8989808363946536
one_history_then_raw,TAS1,59,1.515997429635263e-05
history_rolling,TAS1,59,-8.027949189661172
one_history_then_raw,TAS1,89,0.0
history_rolling,TAS1,89,26.697940047563392
one_history_then_raw,TAS1,119,-0.0002251013999909
history_rolling,TAS1,119,73.30036852505323
one_history_then_raw,TAS1,148,0.0
history_rolling,TAS1,148,-254.01188299225245
one_history_then_raw,TAS1,178,-3.9800579543225467e-07
history_rolling,TAS1,178,-23.173327305186497
one_history_then_raw,TAS1,208,-1.449806433129197e-06
history_rolling,TAS1,208,8.065364716124009
one_history_then_raw,TAS1,237,-23.9079701904693
history_rolling,TAS1,237,-71.27310227293509
one_history_then_raw,TAS1,267,-6.428175211681264e-06
history_rolling,TAS1,267,8.53275981980833
one_history_then_raw,TAS1,297,-7.753967304862478
history_rolling,TAS1,297,68.39906064988112
one_history_then_raw,TAS1,327,4.143500689224311e-07
history_rolling,TAS1,327,15.91689877060312
one_history_then_raw,TAS1,356,-2.17428208770798e-07
history_rolling,TAS1,356,-2.3514893687030813
one_history_then_raw,TAS1,386,-2.9381956068164072e-06
history_rolling,TAS1,386,35.64792082385872
one_history_then_raw,TAS1,416,0.0
history_rolling,TAS1,416,-54.879215557429205
one_history_then_raw,TAS1,445,-2.240406757891833e-07
history_rolling,TAS1,445,-1.8228919517358888
one_history_then_raw,TAS1,475,5.957144821877591e-07
history_rolling,TAS1,475,415.3044405144286
one_history_then_raw,TAS1,505,0.0
history_rolling,TAS1,505,-3.1630351349692627
one_history_then_raw,TAS1,534,7.474900670445919
history_rolling,TAS1,534,-8.22380848914018
one_history_then_raw,TAS1,564,2.0771480535586306e-07
history_rolling,TAS1,564,-2.812532019611277
one_history_then_raw,VIC1,0,2.966642227875127e-06
history_rolling,VIC1,0,4.663753888481481
one_history_then_raw,VIC1,30,0.0
history_rolling,VIC1,30,-6.038174394021212
one_history_then_raw,VIC1,61,0.0
history_rolling,VIC1,61,13.67110293805729
one_history_then_raw,VIC1,91,19.10764820400485
history_rolling,VIC1,91,10.12517644782477
one_history_then_raw,VIC1,121,3.016964456037385e-09
history_rolling,VIC1,121,11.54465728225284
one_history_then_raw,VIC1,152,0.0
history_rolling,VIC1,152,52.81672887743841
one_history_then_raw,VIC1,182,0.0
history_rolling,VIC1,182,-542.2681433401918
one_history_then_raw,VIC1,212,-9.8783741123043e-05
history_rolling,VIC1,212,50.853919251388575
one_history_then_raw,VIC1,243,-2.5717326934682205e-08
history_rolling,VIC1,243,-8.57955091983054
one_history_then_raw,VIC1,273,7.733743501603385e-06
history_rolling,VIC1,273,-29.919849281947226
one_history_then_raw,VIC1,303,0.0
history_rolling,VIC1,303,94.05812230982592
one_history_then_raw,VIC1,333,0.0
history_rolling,VIC1,333,9.440675878157007
one_history_then_raw,VIC1,364,0.0
history_rolling,VIC1,364,-2.5764378392300813
one_history_then_raw,VIC1,394,0.0
history_rolling,VIC1,394,-29.160957860628717
one_history_then_raw,VIC1,424,0.0
history_rolling,VIC1,424,48.72817417828981
one_history_then_raw,VIC1,455,-24.48692391978915
history_rolling,VIC1,455,-67.92444210593811
one_history_then_raw,VIC1,485,0.0
history_rolling,VIC1,485,-17.99189409276181
one_history_then_raw,VIC1,515,-1.2767395389801095e-06
history_rolling,VIC1,515,38.21036457162161
one_history_then_raw,VIC1,546,-1.1147602663186262e-07
history_rolling,VIC1,546,9.079729586350112
one_history_then_raw,VIC1,576,0.0
history_rolling,VIC1,576,-31.99544862908634
