block_days,region,candidate,selected_count,selection_probability,binomial_monte_carlo_se,originally_selected,draws
7,NSW1,raw,0,0,0,False,10000
7,NSW1,current_shrink_a025,0,0,0,False,10000
7,NSW1,current_shrink_a050,0,0,0,False,10000
7,NSW1,current_smooth_a025,0,0,0,False,10000
7,NSW1,current_smooth_a050,10000,1,0,True,10000
7,QLD1,raw,0,0,0,False,10000
7,QLD1,current_shrink_a025,0,0,0,False,10000
7,QLD1,current_shrink_a050,0,0,0,False,10000
7,QLD1,current_smooth_a025,2,0.0002,0.000141407213395,False,10000
7,QLD1,current_smooth_a050,9998,0.9998,0.000141407213395,True,10000
7,SA1,raw,11,0.0011,0.000331480014481,False,10000
7,SA1,current_shrink_a025,2297,0.2297,0.00420639881609,False,10000
7,SA1,current_shrink_a050,35,0.0035,0.000590571756859,False,10000
7,SA1,current_smooth_a025,4975,0.4975,0.00499993749961,True,10000
7,SA1,current_smooth_a050,2682,0.2682,0.00443022301922,False,10000
7,TAS1,raw,0,0,0,False,10000
7,TAS1,current_shrink_a025,24,0.0024,0.000489309717868,False,10000
7,TAS1,current_shrink_a050,9833,0.9833,0.00128144878946,True,10000
7,TAS1,current_smooth_a025,1,0.0001,9.9994999875e-05,False,10000
7,TAS1,current_smooth_a050,142,0.0142,0.00118314665194,False,10000
7,VIC1,raw,0,0,0,False,10000
7,VIC1,current_shrink_a025,0,0,0,False,10000
7,VIC1,current_shrink_a050,0,0,0,False,10000
7,VIC1,current_smooth_a025,0,0,0,False,10000
7,VIC1,current_smooth_a050,10000,1,0,True,10000
28,NSW1,raw,0,0,0,False,10000
28,NSW1,current_shrink_a025,0,0,0,False,10000
28,NSW1,current_shrink_a050,0,0,0,False,10000
28,NSW1,current_smooth_a025,0,0,0,False,10000
28,NSW1,current_smooth_a050,10000,1,0,True,10000
28,QLD1,raw,0,0,0,False,10000
28,QLD1,current_shrink_a025,0,0,0,False,10000
28,QLD1,current_shrink_a050,0,0,0,False,10000
28,QLD1,current_smooth_a025,25,0.0025,0.000499374608886,False,10000
28,QLD1,current_smooth_a050,9975,0.9975,0.000499374608886,True,10000
28,SA1,raw,15,0.0015,0.00038700775186,False,10000
28,SA1,current_shrink_a025,2477,0.2477,0.00431676626655,False,10000
28,SA1,current_shrink_a050,7,0.0007,0.0002644825136,False,10000
28,SA1,current_smooth_a025,5155,0.5155,0.00499759692252,True,10000
28,SA1,current_smooth_a050,2346,0.2346,0.0042374855752,False,10000
28,TAS1,raw,0,0,0,False,10000
28,TAS1,current_shrink_a025,48,0.0048,0.000691155554127,False,10000
28,TAS1,current_shrink_a050,9830,0.983,0.00129271033105,True,10000
28,TAS1,current_smooth_a025,0,0,0,False,10000
28,TAS1,current_smooth_a050,122,0.0122,0.00109777775529,False,10000
28,VIC1,raw,0,0,0,False,10000
28,VIC1,current_shrink_a025,0,0,0,False,10000
28,VIC1,current_shrink_a050,0,0,0,False,10000
28,VIC1,current_smooth_a025,0,0,0,False,10000
28,VIC1,current_smooth_a050,10000,1,0,True,10000
