block_days,metric,p025,median,p975,mean,days,draws,interpretation
7,selection_only_selected_current_minus_frozen,-1.90415647062,0,7.59741180228,1.41129829381,731,10000,"Conditional sensitivity distribution, not unconditional selection-adjusted confidence interval"
7,selection_only_selected_current_minus_raw,125.224392795,127.128549265,134.725961067,128.539847559,731,10000,"Conditional sensitivity distribution, not unconditional selection-adjusted confidence interval"
7,combined_selected_current_minus_raw,82.7513157596,127.975714363,180.772899146,128.917768983,731,10000,"Conditional sensitivity distribution, not unconditional selection-adjusted confidence interval"
7,selection_only_S_minus_reselected_current,19.1104582257,26.707870028,28.6120264986,25.2965717342,731,10000,"Conditional sensitivity distribution, not unconditional selection-adjusted confidence interval"
7,combined_S_minus_reselected_current,-48.5276586226,24.5400486649,110.146808861,26.0470192596,731,10000,"Conditional sensitivity distribution, not unconditional selection-adjusted confidence interval"
7,combined_S_minus_frozen_current,-46.6918281346,26.1603472096,110.842817656,27.425928468,731,10000,"Conditional sensitivity distribution, not unconditional selection-adjusted confidence interval"
7,selection_only_F_minus_reselected_current,25.1996317031,32.7970435054,34.701199976,31.3857452116,731,10000,"Conditional sensitivity distribution, not unconditional selection-adjusted confidence interval"
7,combined_F_minus_reselected_current,-49.8300534041,30.9486807053,123.438775905,32.1037246831,731,10000,"Conditional sensitivity distribution, not unconditional selection-adjusted confidence interval"
7,combined_F_minus_frozen_current,-47.8205254974,32.2478939246,122.710071132,33.4826338914,731,10000,"Conditional sensitivity distribution, not unconditional selection-adjusted confidence interval"
7,selection_only_IL_minus_reselected_current,64.1750855441,71.7724973464,73.676653817,70.3611990525,731,10000,"Conditional sensitivity distribution, not unconditional selection-adjusted confidence interval"
7,combined_IL_minus_reselected_current,-2.05768855817,68.4586892686,155.32810923,70.7502724076,731,10000,"Conditional sensitivity distribution, not unconditional selection-adjusted confidence interval"
7,combined_IL_minus_frozen_current,-0.179116329506,69.8728276923,155.573652321,72.1291816159,731,10000,"Conditional sensitivity distribution, not unconditional selection-adjusted confidence interval"
28,selection_only_selected_current_minus_frozen,-1.90415647062,0,7.59741180228,1.09030643515,731,10000,"Conditional sensitivity distribution, not unconditional selection-adjusted confidence interval"
28,selection_only_selected_current_minus_raw,125.224392795,127.128549265,134.725961067,128.2188557,731,10000,"Conditional sensitivity distribution, not unconditional selection-adjusted confidence interval"
28,combined_selected_current_minus_raw,79.3354369796,126.695414424,183.738885022,127.931571148,731,10000,"Conditional sensitivity distribution, not unconditional selection-adjusted confidence interval"
28,selection_only_S_minus_reselected_current,19.1104582257,26.707870028,28.6120264986,25.6175635929,731,10000,"Conditional sensitivity distribution, not unconditional selection-adjusted confidence interval"
28,combined_S_minus_reselected_current,-52.4165331577,24.5123163335,110.209058919,25.4293010405,731,10000,"Conditional sensitivity distribution, not unconditional selection-adjusted confidence interval"
28,combined_S_minus_frozen_current,-50.6426377381,25.7479366223,110.801837086,26.5965450021,731,10000,"Conditional sensitivity distribution, not unconditional selection-adjusted confidence interval"
28,selection_only_F_minus_reselected_current,25.1996317031,32.7970435054,34.701199976,31.7067370702,731,10000,"Conditional sensitivity distribution, not unconditional selection-adjusted confidence interval"
28,combined_F_minus_reselected_current,-61.3417105529,30.1726120681,130.887955951,31.2454269416,731,10000,"Conditional sensitivity distribution, not unconditional selection-adjusted confidence interval"
28,combined_F_minus_frozen_current,-60.0203281308,31.5696105103,130.77097368,32.4126709032,731,10000,"Conditional sensitivity distribution, not unconditional selection-adjusted confidence interval"
28,selection_only_IL_minus_reselected_current,64.1750855441,71.7724973464,73.676653817,70.6821909112,731,10000,"Conditional sensitivity distribution, not unconditional selection-adjusted confidence interval"
28,combined_IL_minus_reselected_current,-12.3987449139,68.0565073518,167.061595361,70.5181692844,731,10000,"Conditional sensitivity distribution, not unconditional selection-adjusted confidence interval"
28,combined_IL_minus_frozen_current,-10.9807760819,69.3803244838,167.337476673,71.685413246,731,10000,"Conditional sensitivity distribution, not unconditional selection-adjusted confidence interval"
