region,history,epsilon_aud,material_threshold_mw,scope,origins,action_changes,separated_among_changed,separated_all_origins,overlap_among_changed,smaller_gap_nonoverlap_among_changed,separated_share_among_changed
NSW1,inverse_lead,0.001,0.05,fresh_fixed_subsample,25,4,4,4,0,0,1.0
NSW1,inverse_lead,0.001,0.1,fresh_fixed_subsample,25,4,4,4,0,0,1.0
NSW1,inverse_lead,0.001,0.2,fresh_fixed_subsample,25,4,4,4,0,0,1.0
NSW1,inverse_lead,0.01,0.05,fresh_fixed_subsample,25,4,4,4,0,0,1.0
NSW1,inverse_lead,0.01,0.1,fresh_fixed_subsample,25,4,4,4,0,0,1.0
NSW1,inverse_lead,0.01,0.2,fresh_fixed_subsample,25,4,4,4,0,0,1.0
NSW1,inverse_lead,0.1,0.05,fresh_fixed_subsample,25,4,4,4,0,0,1.0
NSW1,inverse_lead,0.1,0.1,fresh_fixed_subsample,25,4,4,4,0,0,1.0
NSW1,inverse_lead,0.1,0.2,fresh_fixed_subsample,25,4,4,4,0,0,1.0
NSW1,sparse_equal,0.001,0.05,fresh_fixed_subsample,25,2,2,2,0,0,1.0
NSW1,sparse_equal,0.001,0.1,fresh_fixed_subsample,25,2,2,2,0,0,1.0
NSW1,sparse_equal,0.001,0.2,fresh_fixed_subsample,25,2,2,2,0,0,1.0
NSW1,sparse_equal,0.01,0.05,fresh_fixed_subsample,25,2,2,2,0,0,1.0
NSW1,sparse_equal,0.01,0.1,fresh_fixed_subsample,25,2,2,2,0,0,1.0
NSW1,sparse_equal,0.01,0.2,fresh_fixed_subsample,25,2,2,2,0,0,1.0
NSW1,sparse_equal,0.1,0.05,fresh_fixed_subsample,25,2,2,2,0,0,1.0
NSW1,sparse_equal,0.1,0.1,fresh_fixed_subsample,25,2,2,2,0,0,1.0
NSW1,sparse_equal,0.1,0.2,fresh_fixed_subsample,25,2,2,2,0,0,1.0
QLD1,inverse_lead,0.001,0.05,fresh_fixed_subsample,25,5,5,5,0,0,1.0
QLD1,inverse_lead,0.001,0.1,fresh_fixed_subsample,25,5,5,5,0,0,1.0
QLD1,inverse_lead,0.001,0.2,fresh_fixed_subsample,25,5,5,5,0,0,1.0
QLD1,inverse_lead,0.01,0.05,fresh_fixed_subsample,25,5,5,5,0,0,1.0
QLD1,inverse_lead,0.01,0.1,fresh_fixed_subsample,25,5,5,5,0,0,1.0
QLD1,inverse_lead,0.01,0.2,fresh_fixed_subsample,25,5,5,5,0,0,1.0
QLD1,inverse_lead,0.1,0.05,fresh_fixed_subsample,25,5,5,5,0,0,1.0
QLD1,inverse_lead,0.1,0.1,fresh_fixed_subsample,25,5,5,5,0,0,1.0
QLD1,inverse_lead,0.1,0.2,fresh_fixed_subsample,25,5,4,4,0,1,0.8
QLD1,sparse_equal,0.001,0.05,fresh_fixed_subsample,25,1,1,1,0,0,1.0
QLD1,sparse_equal,0.001,0.1,fresh_fixed_subsample,25,1,1,1,0,0,1.0
QLD1,sparse_equal,0.001,0.2,fresh_fixed_subsample,25,1,1,1,0,0,1.0
QLD1,sparse_equal,0.01,0.05,fresh_fixed_subsample,25,1,1,1,0,0,1.0
QLD1,sparse_equal,0.01,0.1,fresh_fixed_subsample,25,1,1,1,0,0,1.0
QLD1,sparse_equal,0.01,0.2,fresh_fixed_subsample,25,1,1,1,0,0,1.0
QLD1,sparse_equal,0.1,0.05,fresh_fixed_subsample,25,1,1,1,0,0,1.0
QLD1,sparse_equal,0.1,0.1,fresh_fixed_subsample,25,1,1,1,0,0,1.0
QLD1,sparse_equal,0.1,0.2,fresh_fixed_subsample,25,1,1,1,0,0,1.0
SA1,inverse_lead,0.001,0.05,fresh_fixed_subsample,25,2,2,2,0,0,1.0
SA1,inverse_lead,0.001,0.1,fresh_fixed_subsample,25,2,2,2,0,0,1.0
SA1,inverse_lead,0.001,0.2,fresh_fixed_subsample,25,2,2,2,0,0,1.0
SA1,inverse_lead,0.01,0.05,fresh_fixed_subsample,25,2,2,2,0,0,1.0
SA1,inverse_lead,0.01,0.1,fresh_fixed_subsample,25,2,2,2,0,0,1.0
SA1,inverse_lead,0.01,0.2,fresh_fixed_subsample,25,2,2,2,0,0,1.0
SA1,inverse_lead,0.1,0.05,fresh_fixed_subsample,25,2,2,2,0,0,1.0
SA1,inverse_lead,0.1,0.1,fresh_fixed_subsample,25,2,2,2,0,0,1.0
SA1,inverse_lead,0.1,0.2,fresh_fixed_subsample,25,2,2,2,0,0,1.0
SA1,sparse_equal,0.001,0.05,fresh_fixed_subsample,25,1,1,1,0,0,1.0
SA1,sparse_equal,0.001,0.1,fresh_fixed_subsample,25,1,1,1,0,0,1.0
SA1,sparse_equal,0.001,0.2,fresh_fixed_subsample,25,1,1,1,0,0,1.0
SA1,sparse_equal,0.01,0.05,fresh_fixed_subsample,25,1,1,1,0,0,1.0
SA1,sparse_equal,0.01,0.1,fresh_fixed_subsample,25,1,1,1,0,0,1.0
SA1,sparse_equal,0.01,0.2,fresh_fixed_subsample,25,1,1,1,0,0,1.0
SA1,sparse_equal,0.1,0.05,fresh_fixed_subsample,25,1,1,1,0,0,1.0
SA1,sparse_equal,0.1,0.1,fresh_fixed_subsample,25,1,1,1,0,0,1.0
SA1,sparse_equal,0.1,0.2,fresh_fixed_subsample,25,1,1,1,0,0,1.0
TAS1,inverse_lead,0.001,0.05,fresh_fixed_subsample,25,8,8,8,0,0,1.0
TAS1,inverse_lead,0.001,0.1,fresh_fixed_subsample,25,7,7,7,0,0,1.0
TAS1,inverse_lead,0.001,0.2,fresh_fixed_subsample,25,7,6,6,0,1,0.8571428571428571
TAS1,inverse_lead,0.01,0.05,fresh_fixed_subsample,25,8,7,7,1,0,0.875
TAS1,inverse_lead,0.01,0.1,fresh_fixed_subsample,25,7,6,6,1,0,0.8571428571428571
TAS1,inverse_lead,0.01,0.2,fresh_fixed_subsample,25,7,5,5,1,1,0.7142857142857143
TAS1,inverse_lead,0.1,0.05,fresh_fixed_subsample,25,8,5,5,3,0,0.625
TAS1,inverse_lead,0.1,0.1,fresh_fixed_subsample,25,7,5,5,2,0,0.7142857142857143
TAS1,inverse_lead,0.1,0.2,fresh_fixed_subsample,25,7,5,5,2,0,0.7142857142857143
TAS1,sparse_equal,0.001,0.05,fresh_fixed_subsample,25,3,3,3,0,0,1.0
TAS1,sparse_equal,0.001,0.1,fresh_fixed_subsample,25,3,3,3,0,0,1.0
TAS1,sparse_equal,0.001,0.2,fresh_fixed_subsample,25,3,3,3,0,0,1.0
TAS1,sparse_equal,0.01,0.05,fresh_fixed_subsample,25,3,3,3,0,0,1.0
TAS1,sparse_equal,0.01,0.1,fresh_fixed_subsample,25,3,3,3,0,0,1.0
TAS1,sparse_equal,0.01,0.2,fresh_fixed_subsample,25,3,2,2,0,1,0.6666666666666666
TAS1,sparse_equal,0.1,0.05,fresh_fixed_subsample,25,3,2,2,1,0,0.6666666666666666
TAS1,sparse_equal,0.1,0.1,fresh_fixed_subsample,25,3,2,2,1,0,0.6666666666666666
TAS1,sparse_equal,0.1,0.2,fresh_fixed_subsample,25,3,2,2,1,0,0.6666666666666666
VIC1,inverse_lead,0.001,0.05,fresh_fixed_subsample,25,3,3,3,0,0,1.0
VIC1,inverse_lead,0.001,0.1,fresh_fixed_subsample,25,3,3,3,0,0,1.0
VIC1,inverse_lead,0.001,0.2,fresh_fixed_subsample,25,3,3,3,0,0,1.0
VIC1,inverse_lead,0.01,0.05,fresh_fixed_subsample,25,3,3,3,0,0,1.0
VIC1,inverse_lead,0.01,0.1,fresh_fixed_subsample,25,3,3,3,0,0,1.0
VIC1,inverse_lead,0.01,0.2,fresh_fixed_subsample,25,3,3,3,0,0,1.0
VIC1,inverse_lead,0.1,0.05,fresh_fixed_subsample,25,3,3,3,0,0,1.0
VIC1,inverse_lead,0.1,0.1,fresh_fixed_subsample,25,3,3,3,0,0,1.0
VIC1,inverse_lead,0.1,0.2,fresh_fixed_subsample,25,3,3,3,0,0,1.0
VIC1,sparse_equal,0.001,0.05,fresh_fixed_subsample,25,1,1,1,0,0,1.0
VIC1,sparse_equal,0.001,0.1,fresh_fixed_subsample,25,1,1,1,0,0,1.0
VIC1,sparse_equal,0.001,0.2,fresh_fixed_subsample,25,1,1,1,0,0,1.0
VIC1,sparse_equal,0.01,0.05,fresh_fixed_subsample,25,1,1,1,0,0,1.0
VIC1,sparse_equal,0.01,0.1,fresh_fixed_subsample,25,1,1,1,0,0,1.0
VIC1,sparse_equal,0.01,0.2,fresh_fixed_subsample,25,1,1,1,0,0,1.0
VIC1,sparse_equal,0.1,0.05,fresh_fixed_subsample,25,1,1,1,0,0,1.0
VIC1,sparse_equal,0.1,0.1,fresh_fixed_subsample,25,1,1,1,0,0,1.0
VIC1,sparse_equal,0.1,0.2,fresh_fixed_subsample,25,1,1,1,0,0,1.0
five_assets,inverse_lead,0.001,0.05,fresh_fixed_subsample,125,22,22,22,0,0,1.0
five_assets,inverse_lead,0.001,0.1,fresh_fixed_subsample,125,21,21,21,0,0,1.0
five_assets,inverse_lead,0.001,0.2,fresh_fixed_subsample,125,21,20,20,0,1,0.9523809523809523
five_assets,inverse_lead,0.01,0.05,fresh_fixed_subsample,125,22,21,21,1,0,0.9545454545454546
five_assets,inverse_lead,0.01,0.1,fresh_fixed_subsample,125,21,20,20,1,0,0.9523809523809523
five_assets,inverse_lead,0.01,0.2,fresh_fixed_subsample,125,21,19,19,1,1,0.9047619047619048
five_assets,inverse_lead,0.1,0.05,fresh_fixed_subsample,125,22,19,19,3,0,0.8636363636363636
five_assets,inverse_lead,0.1,0.1,fresh_fixed_subsample,125,21,19,19,2,0,0.9047619047619048
five_assets,inverse_lead,0.1,0.2,fresh_fixed_subsample,125,21,18,18,2,1,0.8571428571428571
five_assets,sparse_equal,0.001,0.05,fresh_fixed_subsample,125,8,8,8,0,0,1.0
five_assets,sparse_equal,0.001,0.1,fresh_fixed_subsample,125,8,8,8,0,0,1.0
five_assets,sparse_equal,0.001,0.2,fresh_fixed_subsample,125,8,8,8,0,0,1.0
five_assets,sparse_equal,0.01,0.05,fresh_fixed_subsample,125,8,8,8,0,0,1.0
five_assets,sparse_equal,0.01,0.1,fresh_fixed_subsample,125,8,8,8,0,0,1.0
five_assets,sparse_equal,0.01,0.2,fresh_fixed_subsample,125,8,7,7,0,1,0.875
five_assets,sparse_equal,0.1,0.05,fresh_fixed_subsample,125,8,7,7,1,0,0.875
five_assets,sparse_equal,0.1,0.1,fresh_fixed_subsample,125,8,7,7,1,0,0.875
five_assets,sparse_equal,0.1,0.2,fresh_fixed_subsample,125,8,7,7,1,0,0.875
