region,event_id,first_pos,execution_start,target,initial_soc_mwh,current_first_forecast_aud_mwh,current_forecast_peak_aud_mwh,current_forecast_range_aud_mwh,revision_abs_mean_aud_mwh,sparse_current_mean_abs_curve_difference_aud_mwh,inverse_current_mean_abs_curve_difference_aud_mwh,actual_first_price_posthoc_aud_mwh,trigger_peak,trigger_range,trigger_revision,selection_uses_realized_profit
NSW1,0,127,2024-01-03 15:00:00,2024-01-03 15:30:00,1.8,58.0,291.35973,233.35973,76.99564875,28.564948081970215,46.6250851949056,83.27666473388672,False,True,False,False
NSW1,35,2813,2024-02-28 14:00:00,2024-02-28 14:30:00,1.8,36.13003158569336,258.91566,222.78563,71.62804500000001,19.475953420003254,41.790700594584145,58.90666580200195,False,True,False,False
NSW1,69,5164,2024-04-17 13:30:00,2024-04-17 14:00:00,0.8900001222665401,67.50379943847656,299.99,232.4862,58.03022250000001,11.096184412638346,20.13717746734619,104.75666809082031,True,True,False,False
NSW1,104,6536,2024-05-16 03:30:00,2024-05-16 04:00:00,0.8900014568721013,105.73999786376953,299.99,199.16182,20.198144999999997,7.305613835652669,36.12953440348307,120.92500305175781,True,False,False,False
NSW1,138,7596,2024-06-07 05:30:00,2024-06-07 06:00:00,1.565007553489301,76.72000122070312,299.98,223.26000000000002,38.7598975,18.291415850321453,14.014143625895182,108.8499984741211,False,True,False,False
NSW1,173,9118,2024-07-08 22:30:00,2024-07-08 23:00:00,0.24610177233947972,221.71278381347656,248.84127,133.97635000000002,144.26317749999998,8.914207458496094,24.322916666666668,172.68167114257812,False,False,True,False
NSW1,207,10205,2024-07-31 14:00:00,2024-07-31 14:30:00,0.8900017771284758,45.0,17499.96,17464.079999999998,268.9503837499998,1446.2046327590942,4137.484350522359,44.2599983215332,True,True,True,False
NSW1,242,12223,2024-09-11 15:30:00,2024-09-11 16:00:00,1.8,10.350210189819336,272.20615,261.85594,67.63112375,16.994869073232014,24.45376507441203,44.7599983215332,False,True,False,False
NSW1,276,14188,2024-10-22 14:00:00,2024-10-22 14:30:00,1.8,-34.15338897705078,241.88613,276.03952000000004,27.40151499999999,1.0811398029327393,9.237911383310953,-28.690000534057617,False,True,False,False
NSW1,311,15651,2024-11-22 01:30:00,2024-11-22 02:00:00,0.20000096295974037,146.22000122070312,299.99,189.57562000000001,83.12326999999999,9.54942766825358,12.286617914835611,126.02999877929688,True,False,False,False
NSW1,345,17838,2025-01-06 15:00:00,2025-01-06 15:30:00,1.8,-23.40247917175293,194.23649,217.63897,93.79453874999999,42.251965045928955,55.66286897659302,169.3300018310547,False,True,False,False
NSW1,380,21034,2025-03-14 05:00:00,2025-03-14 05:30:00,1.799998716411646,175.66184997558594,275.96,239.60583999999997,25.09237875,10.299083471298218,22.046425263086956,130.9600067138672,False,True,False,False
NSW1,414,23596,2025-05-06 14:00:00,2025-05-06 14:30:00,1.8,33.878150939941406,261.19,246.56517,80.27794624999999,14.052799224853516,31.044707377751667,1.5700000524520874,False,True,False,False
NSW1,449,25181,2025-06-08 14:30:00,2025-06-08 15:00:00,1.8,-22.346559524536133,197.01,219.35656,55.502812499999976,8.254592378934225,11.821227769056955,-18.59000015258789,False,True,False,False
NSW1,483,26654,2025-07-09 07:00:00,2025-07-09 07:30:00,1.2989015254261527,259.7699890136719,259.77,261.86591999999996,39.51076124999999,7.375647375981013,12.521418531735739,243.5,False,True,False,False
NSW1,518,28635,2025-08-19 13:30:00,2025-08-19 14:00:00,0.6550021069434011,12.0,362.21,350.21,68.47658125000001,30.177947680155437,65.28065141042073,42.20000076293945,True,True,False,False
NSW1,552,31089,2025-10-09 16:30:00,2025-10-09 17:00:00,1.8,20299.970703125,20299.97,20219.95,7675.260523750002,4063.613452275594,4622.388827641805,300.7900085449219,True,True,True,False
NSW1,587,33493,2025-11-28 18:30:00,2025-11-28 19:00:00,1.8,187.00132751464844,299.99,162.78811000000002,96.06660999999998,27.84701665242513,29.909114201863606,145.67999267578125,True,False,False,False
NSW1,621,42124,2026-05-27 14:00:00,2026-05-27 14:30:00,1.345002232751882,150.88999938964844,299.99,154.99521000000001,70.25529750000001,9.802711486816406,27.451407114664715,179.10000610351562,True,False,False,False
NSW1,656,46596,2026-08-28 18:00:00,2026-08-28 18:30:00,1.8,134.86000061035156,157.2141,22.971540000000005,128.36839750000001,5.840597788492839,14.177049001057943,120.54000091552734,False,False,True,False
QLD1,0,127,2024-01-03 15:00:00,2024-01-03 15:30:00,1.8,34.55002975463867,330.38735,295.83732000000003,78.78402625,30.4194491704305,50.26474793752035,45.336666107177734,True,True,False,False
QLD1,34,2093,2024-02-13 14:00:00,2024-02-13 14:30:00,1.8,49.54999923706055,317.03222,267.48222,55.327701250000004,11.553193092346191,145.64278825124106,68.26166534423828,False,True,False,False
QLD1,69,3487,2024-03-13 15:00:00,2024-03-13 15:30:00,1.8,51.846981048583984,296.02788,244.18089999999998,42.75582999999998,9.270557403564453,28.616012573242188,41.65999984741211,False,True,False,False
QLD1,103,5577,2024-04-26 04:00:00,2024-04-26 04:30:00,1.7999999853249304,103.79736328125,287.96238,243.23919999999998,23.055225,4.6263580322265625,15.526480197906494,102.61666870117188,False,True,False,False
QLD1,138,6747,2024-05-20 13:00:00,2024-05-20 13:30:00,1.8,-45.34000015258789,273.52194,318.86194,16.296696250000007,400.66291824976605,466.32026386260986,-46.246665954589844,False,True,False,False
QLD1,172,7837,2024-06-12 06:00:00,2024-06-12 06:30:00,1.7999668241918898,84.26615142822266,228.55,247.44,21.47097375,3.6114374796549478,7.254261493682861,68.51667022705078,False,True,False,False
QLD1,207,8895,2024-07-04 07:00:00,2024-07-04 07:30:00,1.2505575458690519,385.05999755859375,385.06,330.03202,47.86953625,16.34693431854248,22.510892550150555,257.5916748046875,True,True,False,False
QLD1,241,10135,2024-07-30 03:00:00,2024-07-30 03:30:00,0.6550008686778537,117.06556701660156,331.95336,214.88779,55.08238500000001,4.956310907999675,12.268037796020508,138.02833557128906,True,False,False,False
QLD1,275,11483,2024-08-27 05:00:00,2024-08-27 05:30:00,1.015549766665468,147.72999572753906,262.50251,256.13095,68.42464624999998,20.55795681476593,30.425266186396282,105.23999786376953,False,True,False,False
QLD1,310,13608,2024-10-10 12:00:00,2024-10-10 12:30:00,1.8,37.631858825683594,58.76529,88.87529,162.30490125,26.75604130824407,300.94918910662335,-41.779998779296875,False,False,True,False
QLD1,344,14860,2024-11-05 14:00:00,2024-11-05 14:30:00,1.8,50.88682174682617,385.01,334.12318,72.15786625000001,15.06884733835856,381.64302094777423,30.68000030517578,True,True,False,False
QLD1,379,16348,2024-12-06 14:00:00,2024-12-06 14:30:00,0.8968130074258758,55.750030517578125,279.39812,244.64816000000002,21.059543749999996,5.81882890065511,1097.8323402404785,56.099998474121094,False,True,False,False
QLD1,413,18224,2025-01-14 16:00:00,2025-01-14 16:30:00,1.8,89.99353790283203,348.5,258.50646,83.48963999999998,20.465538660685223,14.799097696940104,120.06999969482422,True,True,False,False
QLD1,447,21101,2025-03-15 14:30:00,2025-03-15 15:00:00,1.8,-26.020000457763672,258.08,284.09999999999997,51.9917525,16.188989480336506,15.44221289952596,-23.790000915527344,False,True,False,False
QLD1,482,24170,2025-05-18 13:00:00,2025-05-18 13:30:00,1.8,44.940040588378906,6885.64009,6840.7000499999995,872.3418774999999,407.63414827982587,1866.1947644551594,-5.820000171661377,True,True,True,False
QLD1,516,26158,2025-06-28 23:00:00,2025-06-28 23:30:00,0.2461032362093153,206.6873016357422,229.19895,61.178949999999986,161.3966125,21.617268880208332,55.90624745686849,247.75999450683594,False,False,True,False
QLD1,551,28445,2025-08-15 14:30:00,2025-08-15 15:00:00,1.8,-15.4399995803833,245.19448,260.69448,38.72070624999999,8.083407084147135,16.16225294272105,-28.950000762939453,False,True,False,False
QLD1,585,31612,2025-10-20 14:00:00,2025-10-20 14:30:00,1.8,-13.75,513.64066,527.39066,52.69321625000001,78.36938373247783,516.5637257993221,-13.1899995803833,True,True,False,False
QLD1,620,35837,2026-01-16 14:30:00,2026-01-16 15:00:00,1.8,16.163209915161133,299.95002,283.78681,104.08077249999998,28.823591391245525,239.74785884221396,62.849998474121094,False,True,False,False
QLD1,654,46545,2026-08-27 16:30:00,2026-08-27 17:00:00,1.8,63.72999954223633,275.07915,211.34915000000004,171.78329375,34.71963342030843,43.735809644063316,114.19000244140625,False,False,True,False
SA1,0,120,2024-01-03 11:30:00,2024-01-03 12:00:00,1.2505539989176129,99.9800033569336,173.44,73.46,481.206605,26.758002599080402,21.685951232910156,41.20500183105469,False,False,True,False
SA1,20,2118,2024-02-14 02:30:00,2024-02-14 03:00:00,1.8,73.52918243408203,379.95,309.93,1709.5640575000002,487.72153250376385,917.6604909102122,193.163330078125,True,False,True,False
SA1,40,3805,2024-03-20 06:00:00,2024-03-20 06:30:00,1.7999953979211354,152.8414306640625,297.38242,343.38237000000004,67.99113875,29.934020658334095,35.01185589035352,111.70999908447266,False,True,False,False
SA1,59,5577,2024-04-26 04:00:00,2024-04-26 04:30:00,1.3450095213445532,123.66071319580078,524.81081,401.15009999999995,25.948162499999988,6.566949844360352,68.15634028116862,119.86333465576172,True,True,False,False
SA1,79,6538,2024-05-16 04:30:00,2024-05-16 05:00:00,1.3450022480589738,158.4556427001953,730.43638,571.98074,173.89002374999998,63.20127296447754,71.22082646687825,164.00833129882812,True,True,False,False
SA1,99,7544,2024-06-06 03:30:00,2024-06-06 04:00:00,0.20004061822909694,108.96610260009766,379.99,291.95177,103.24303124999999,1276.3637313842773,1370.6677945454915,94.00666809082031,True,False,False,False
SA1,119,8575,2024-06-27 15:00:00,2024-06-27 15:30:00,1.3450181836255535,49.57830047607422,435.0562,385.4779,113.48260999999998,32.29412428538004,56.000963846842446,80.86333465576172,True,True,False,False
SA1,139,9897,2024-07-25 04:00:00,2024-07-25 04:30:00,1.8,0.02143000066280365,329.07599,329.05456,251.54531500000002,299.8744960082695,1336.2712950718899,56.31666564941406,False,True,False,False
SA1,158,11048,2024-08-18 03:30:00,2024-08-18 04:00:00,0.890001394496332,171.44000244140625,400.44545,262.44545,71.49023,19.344711303710938,34.54760615030924,192.38999938964844,True,False,False,False
SA1,178,12797,2024-09-23 14:30:00,2024-09-23 15:00:00,1.8,0.1418599933385849,12935.95,12935.808140000001,2895.61346625,28.46280098085602,217.62665623550615,20.299999237060547,True,True,True,False
SA1,198,15125,2024-11-11 02:30:00,2024-11-11 03:00:00,0.8900131655043645,85.10491943359375,479.25524,395.9658,55.443437499999995,15.501461664835611,37.990431467692055,134.19000244140625,True,True,False,False
SA1,218,17216,2024-12-24 16:00:00,2024-12-24 16:30:00,1.8,-24.16058921813965,300.01,324.17059,105.61507375000002,20.397274255752563,165.9171727101008,-19.93000030517578,False,True,False,False
SA1,237,20370,2025-02-28 09:00:00,2025-02-28 09:30:00,0.20000037191820141,200.0,537.22356,528.12356,132.07228125,59.72422029574712,70.27567744255066,161.89999389648438,True,True,False,False
SA1,257,24277,2025-05-20 18:30:00,2025-05-20 19:00:00,1.2989058363845676,275.9800109863281,641.68721,444.67079,277.40086875000003,79.68390782674153,114.7592264811198,432.3500061035156,True,True,False,False
SA1,277,26227,2025-06-30 09:30:00,2025-06-30 10:00:00,0.2944495795820979,239.15321350097656,983.65,761.86463,240.496665,83.90363057454427,124.94545427958171,206.88999938964844,True,True,False,False
SA1,297,27752,2025-08-01 04:00:00,2025-08-01 04:30:00,1.2505508720879275,138.0,1000.0,862.0,68.76500875,10.327842712402344,18.451595306396484,167.4199981689453,True,True,False,False
SA1,317,31254,2025-10-13 03:00:00,2025-10-13 03:30:00,1.8,138.0,589.61914,451.61914,169.87543125000002,14.09682035446167,177.30543859799704,167.32000732421875,True,True,False,False
SA1,336,35455,2026-01-08 15:30:00,2026-01-08 16:00:00,1.8,41.841068267822266,370.0,328.15893,105.18758,21.161819140116375,93.59019247690837,284.7200012207031,False,True,False,False
SA1,356,41390,2026-05-12 07:00:00,2026-05-12 07:30:00,1.2989041829305465,107.30819702148438,360.55,337.88980000000004,110.0215675,24.120834350585938,25.301445802052815,116.83999633789062,False,True,False,False
SA1,376,46524,2026-08-27 06:00:00,2026-08-27 06:30:00,0.6550013845050207,160.00889587402344,378.18,333.28975,123.07991,47.313761128578335,52.60377517699575,220.2899932861328,False,True,False,False
TAS1,0,119,2024-01-03 11:00:00,2024-01-03 11:30:00,1.8,150.2445526123047,310.02,159.77544999999998,204.46852500000003,128.00790532430014,142.47356160481772,80.06666564941406,False,False,True,False
TAS1,30,2399,2024-02-19 23:00:00,2024-02-19 23:30:00,0.6550006138711673,56.87260055541992,330.02,275.80093,54.61862124999998,31.172779719034832,41.46710650126139,70.19999694824219,False,True,False,False
TAS1,59,3821,2024-03-20 14:00:00,2024-03-20 14:30:00,0.8900137695826282,12.524999618530273,333.02,321.60332999999997,87.08300125000001,28.031769514083862,52.05360015233358,-11.863333702087402,False,True,False,False
TAS1,89,5281,2024-04-20 00:00:00,2024-04-20 00:30:00,0.20000711076523592,120.85698699951172,450.1,334.92,51.44333499999999,27.436447143554688,32.37390327453613,115.0633316040039,True,True,False,False
TAS1,119,6394,2024-05-13 04:30:00,2024-05-13 05:00:00,1.3449991302093884,149.43270874023438,430.60646,281.21833000000004,43.26598249999999,11.967791875203451,26.04828643798828,192.35833740234375,True,True,False,False
TAS1,148,7401,2024-06-03 04:00:00,2024-06-03 04:30:00,1.8,150.10000610351562,526.6664,376.56639999999993,57.12182249999999,18.235018412272137,33.14165496826172,150.10000610351562,True,True,False,False
TAS1,178,8499,2024-06-26 01:00:00,2024-06-26 01:30:00,1.3450001265657505,54.279998779296875,320.22,303.90556000000004,164.58583750000003,6.7346870104471845,33.916776180267334,56.08833312988281,False,True,False,False
TAS1,208,9709,2024-07-21 06:00:00,2024-07-21 06:30:00,0.843900153739629,69.26000213623047,350.06,316.07343000000003,46.7754925,31.044658342997234,51.6547015508016,85.02999877929688,False,True,False,False
TAS1,237,11002,2024-08-17 04:30:00,2024-08-17 05:00:00,0.20000063924088857,275.29998779296875,275.54,120.38000000000002,214.97126125,67.53242365519206,68.56467183430989,167.17999267578125,False,False,True,False
TAS1,267,13791,2024-10-14 07:30:00,2024-10-14 08:00:00,0.2000007589951721,47.09172821044922,350.14,352.08,52.881708749999994,21.956634442011516,32.6323316693306,34.72999954223633,False,True,False,False
TAS1,297,15427,2024-11-17 09:30:00,2024-11-17 10:00:00,1.345001113461232,320.0799865722656,320.08,308.88,151.98625,80.09244124094646,97.70308756828308,28.100000381469727,False,True,False,False
TAS1,327,16675,2024-12-13 09:30:00,2024-12-13 10:00:00,1.799999714833995,99.16000366210938,100.16,1.0,295.377445,59.70549986201028,78.82057179448505,38.939998626708984,False,False,True,False
TAS1,356,18766,2025-01-25 23:00:00,2025-01-25 23:30:00,1.2989011549245595,350.05999755859375,350.06,209.99,202.74,69.43822606404622,52.21581522623698,120.08000183105469,False,False,True,False
TAS1,386,21119,2025-03-15 23:30:00,2025-03-16 00:00:00,1.3450047281790005,120.16000366210938,355.02,248.97256999999996,96.72734375000002,19.652716954549152,28.39897092183431,124.2300033569336,False,True,False,False
TAS1,416,22893,2025-04-21 22:30:00,2025-04-21 23:00:00,1.8,134.24000549316406,320.02,240.77999999999997,67.9900775,7.216110865275065,60.3495979309082,92.2300033569336,False,True,False,False
TAS1,445,24580,2025-05-27 02:00:00,2025-05-27 02:30:00,1.799999772565437,275.0400085449219,275.04,239.8,131.895,58.096670150756836,76.98444112141927,39.880001068115234,False,True,False,False
TAS1,475,26023,2025-06-26 03:30:00,2025-06-26 04:00:00,1.3452274514117801,234.27650451660156,600.14,398.17494,82.59769999999997,18.8797607421875,107.47057851155598,261.6099853515625,True,True,False,False
TAS1,505,30034,2025-09-17 17:00:00,2025-09-17 17:30:00,1.8,0.10000000149011612,302.57155,302.47155,265.34585500000003,44.01717350569864,88.50963932462037,88.11000061035156,False,True,True,False
TAS1,534,41692,2026-05-18 14:00:00,2026-05-18 14:30:00,1.3450014413013103,121.81410217285156,165.97277,44.15867,209.40358,47.1113395690918,130.7825558980306,112.0199966430664,False,False,True,False
TAS1,564,46580,2026-08-28 10:00:00,2026-08-28 10:30:00,1.799999691305139,450.0799865722656,450.08,389.91999999999996,132.40749999999997,38.945125579833984,67.71371968587239,22.3700008392334,True,True,False,False
VIC1,0,119,2024-01-03 11:00:00,2024-01-03 11:30:00,1.345001187971576,151.29000854492188,321.29394,170.00393000000003,226.071675,138.13242467244467,153.2824910481771,45.06833267211914,True,False,True,False
VIC1,30,3104,2024-03-05 15:30:00,2024-03-05 16:00:00,1.8,38.81044006347656,338.00248,299.19204,121.63120499999998,14.137405395507812,26.205495834350586,51.28499984741211,True,True,False,False
VIC1,61,5165,2024-04-17 14:00:00,2024-04-17 14:30:00,1.3450000905575141,109.47160339355469,361.25694,251.78534,89.0502025,43.95642598470052,44.56928793589274,99.586669921875,True,True,False,False
VIC1,91,6427,2024-05-13 21:00:00,2024-05-13 21:30:00,0.7494522282083063,151.29428100585938,247.42633,118.05284,157.74197,13.126063664754232,17.865078608194988,145.0433349609375,False,False,True,False
VIC1,121,7565,2024-06-06 14:00:00,2024-06-06 14:30:00,1.3450822618160163,26.075769424438477,291.11473,265.03896000000003,61.811495,6.9529751141866045,24.823406378428142,-18.071666717529297,False,True,False,False
VIC1,152,8717,2024-06-30 14:00:00,2024-06-30 14:30:00,1.8,8.949999809265137,274.67369,265.72369000000003,26.42176125,12.363288084665934,25.829193830490112,42.0966682434082,False,True,False,False
VIC1,182,10156,2024-07-30 13:30:00,2024-07-30 14:00:00,0.8901788835970245,35.95000076293945,297.79615,261.84615,47.70818125000001,1089.448323249817,2994.618593851725,50.39500045776367,False,True,False,False
VIC1,212,11068,2024-08-18 13:30:00,2024-08-18 14:00:00,1.565017353085739,32.290740966796875,266.05466,234.24893,15.464675,3.9355427424112954,9.28054920832316,36.599998474121094,False,True,False,False
VIC1,243,13929,2024-10-17 04:30:00,2024-10-17 05:00:00,1.7999998491729827,19.18000030517578,228.57643,230.06716999999998,89.12437875,7.185681194067001,22.275942971309025,22.280000686645508,False,True,False,False
VIC1,273,15346,2024-11-15 17:00:00,2024-11-15 17:30:00,0.8900009123821558,8.949999809265137,255.05445,246.10445,90.89511875000001,21.25925674041112,27.68353835741679,111.86000061035156,False,True,False,False
VIC1,303,16783,2024-12-15 15:30:00,2024-12-15 16:00:00,1.8,47.77349853515625,277.55543,229.78193,57.186467500000006,4.059050559997559,14.708073933919271,161.07000732421875,False,True,False,False
VIC1,333,19880,2025-02-18 04:00:00,2025-02-18 04:30:00,1.2989003482412234,116.58447265625,382.02583,348.13603,55.445465000000006,19.83215602238973,30.95655952890714,140.5399932861328,True,True,False,False
VIC1,364,23340,2025-05-01 06:00:00,2025-05-01 06:30:00,1.8,126.305908203125,262.90763,231.23144,20.267835000000012,3.5707918653109423,7.788816913884754,135.86000061035156,False,True,False,False
VIC1,394,25276,2025-06-10 14:00:00,2025-06-10 14:30:00,0.8900005042772702,152.79879760742188,309.14473,156.34593999999998,243.17871875,42.5890998840332,538.8572947184244,162.58999633789062,True,False,True,False
VIC1,424,27053,2025-07-17 14:30:00,2025-07-17 15:00:00,1.8,35.939998626708984,298.1,262.16,303.44806124999997,58.37008571624756,97.90772501627605,104.68000030517578,False,True,True,False
VIC1,455,28669,2025-08-20 06:30:00,2025-08-20 07:00:00,1.8,221.8595733642578,309.88822,257.83161,53.87680374999999,8.63791799545288,16.30065433184306,249.0800018310547,True,True,False,False
VIC1,485,31373,2025-10-15 14:30:00,2025-10-15 15:00:00,1.8,10.760000228881836,317.15737,316.89731,62.804705000000006,7.357331191500028,30.020908132195473,-8.649999618530273,True,True,False,False
VIC1,515,35100,2026-01-01 06:00:00,2026-01-01 06:30:00,0.20000000104942606,-7.989999771118164,-7.99,245.60999999999999,50.41472125,24.62714608510335,29.295087099075317,-8.609999656677246,False,True,False,False
VIC1,546,42031,2026-05-25 15:30:00,2026-05-25 16:00:00,1.8,114.91007232666016,291.73414,176.82407,161.01326375,26.796468098958332,36.03082784016927,100.16999816894531,False,False,True,False
VIC1,576,46545,2026-08-27 16:30:00,2026-08-27 17:00:00,1.8,64.04447174072266,299.5,235.45553,200.99117125,37.60218620300293,47.836385091145836,121.93000030517578,False,True,True,False
