region,event_id,event_start_execution,first_decision_target,last_decision_target,first_pos,initial_soc_mwh,actual_current_price,raw_current_forecast,sparse_current_forecast,raw_forecast_peak_first8,raw_forecast_range_first8,revision_absolute_mean,S_R_mean_abs_curve_gap_first12,first_trigger_peak,first_trigger_range,first_trigger_revision,cash_delta_aud,marked_delta_aud,final_inventory_difference_mwh,opportunities_above005mw,window_loss_gt1aud,delay_opportunity_gt0.05mw,delayed_sale_failure_gt0.05mw,delay_opportunity_gt0.1mw,delayed_sale_failure_gt0.1mw,first_delay_step,first_delay_target,delay_opportunity_gt0.2mw,delayed_sale_failure_gt0.2mw
NSW1,0,2024-01-03 15:00:00,2024-01-03 15:30:00,2024-01-04 15:00:00,127,1.8,83.2766647339,58,54.2476615906,291.35973,233.35973,76.99564875,28.564948082,False,True,False,0.656557440697,0.656467445731,-1.72945292198e-06,0,False,False,False,False,False,,,False,False
NSW1,35,2024-02-28 14:00:00,2024-02-28 14:30:00,2024-02-29 14:00:00,2813,1.8,58.906665802,36.1300315857,47.4816169739,258.91566,222.78563,71.628045,19.47595342,False,True,False,3.0791142663,3.0791142663,0,1,False,True,False,False,False,,,False,False
NSW1,69,2024-04-17 13:30:00,2024-04-17 14:00:00,2024-04-18 13:30:00,5164,0.890000122267,104.756668091,67.5037994385,52.6357307434,299.99,232.4862,58.0302225,11.0961844126,True,True,False,59.8897751083,59.8897975445,3.51242871455e-07,0,False,False,False,False,False,,,False,False
NSW1,104,2024-05-16 03:30:00,2024-05-16 04:00:00,2024-05-17 03:30:00,6536,0.890001456872,120.925003052,105.739997864,104.599449158,299.99,199.16182,20.198145,7.30561383565,True,False,False,78.229079686,78.2290057775,-6.48993527919e-07,0,False,False,False,False,False,,,False,False
NSW1,138,2024-06-07 05:30:00,2024-06-07 06:00:00,2024-06-08 05:30:00,7596,1.56500755349,108.849998474,76.7200012207,68.2205505371,299.98,223.26,38.7598975,18.2914158503,False,True,False,44.7878606895,44.7878406045,-2.25953733501e-07,0,False,False,False,False,False,,,False,False
NSW1,173,2024-07-08 22:30:00,2024-07-08 23:00:00,2024-07-09 22:30:00,9118,0.246101772339,172.681671143,221.712783813,227.742462158,248.84127,133.97635,144.2631775,8.9142074585,False,False,True,221.837798747,146.044128301,-0.501093085037,0,False,False,False,False,False,,,False,False
NSW1,207,2024-07-31 14:00:00,2024-07-31 14:30:00,2024-08-01 14:00:00,10205,0.890001777128,44.2599983215,45,44.9999771118,17499.96,17464.08,268.95038375,1446.20463276,True,True,True,15.7013868119,40.429711587,0.220002886471,0,False,False,False,False,False,,,False,False
NSW1,242,2024-09-11 15:30:00,2024-09-11 16:00:00,2024-09-12 15:30:00,12223,1.8,44.7599983215,10.3502101898,18.3117408752,272.20615,261.85594,67.63112375,16.9948690732,False,True,False,67.5453597729,67.5453597729,0,0,False,False,False,False,False,,,False,False
NSW1,276,2024-10-22 14:00:00,2024-10-22 14:30:00,2024-10-23 14:00:00,14188,1.8,-28.6900005341,-34.1533889771,-34.2654342651,241.88613,276.03952,27.401515,1.08113980293,False,True,False,100.021103815,100.021103815,0,0,False,False,False,False,False,,,False,False
NSW1,311,2024-11-22 01:30:00,2024-11-22 02:00:00,2024-11-23 01:30:00,15651,0.20000096296,126.029998779,146.220001221,124.533485413,299.99,189.57562,83.12327,9.54942766825,True,False,False,70.738664006,70.7386660929,1.85818025966e-08,0,False,False,False,False,False,,,False,False
NSW1,345,2025-01-06 15:00:00,2025-01-06 15:30:00,2025-01-07 15:00:00,17838,1.8,169.330001831,-23.4024791718,27.1158447266,194.23649,217.63897,93.79453875,42.2519650459,False,True,False,76.4830872362,45.6933944216,-0.454997689489,0,False,False,False,False,False,,,False,False
NSW1,380,2025-03-14 05:00:00,2025-03-14 05:30:00,2025-03-15 05:00:00,21034,1.79999871641,130.960006714,175.661849976,166.726638794,275.96,239.60584,25.09237875,10.2990834713,False,True,False,142.236914889,47.5191005111,-0.815548604062,0,False,False,False,False,False,,,False,False
NSW1,414,2025-05-06 14:00:00,2025-05-06 14:30:00,2025-05-07 14:00:00,23596,1.8,1.57000005245,33.8781509399,16.3952484131,261.19,246.56517,80.27794625,14.0527992249,False,True,False,18.7822701439,18.7822701439,0,0,False,False,False,False,False,,,False,False
NSW1,449,2025-06-08 14:30:00,2025-06-08 15:00:00,2025-06-09 14:30:00,25181,1.8,-18.5900001526,-22.3465595245,-20.9094810486,197.01,219.35656,55.5028125,8.25459237893,False,True,False,35.6874682407,35.6874682407,0,0,False,False,False,False,False,,,False,False
NSW1,483,2025-07-09 07:00:00,2025-07-09 07:30:00,2025-07-10 07:00:00,26654,1.29890152543,243.5,259.769989014,203.953994751,259.77,261.86592,39.51076125,7.37564737598,False,True,False,-7.65850382601,-7.65846063962,3.94792900593e-07,0,True,False,False,False,False,,,False,False
NSW1,518,2025-08-19 13:30:00,2025-08-19 14:00:00,2025-08-20 13:30:00,28635,0.655002106943,42.2000007629,12,16.0171146393,362.21,350.21,68.47658125,30.1779476802,True,True,False,183.162364642,172.030667433,-0.234994668782,0,False,False,False,False,False,,,False,False
NSW1,552,2025-10-09 16:30:00,2025-10-09 17:00:00,2025-10-10 16:30:00,31089,1.8,300.790008545,20299.9707031,4123.48974609,20299.97,20219.95,7675.26052375,4063.61345228,True,True,True,12.0707636636,12.0707916453,-1.37367317299e-06,0,False,False,False,False,False,,,False,False
NSW1,587,2025-11-28 18:30:00,2025-11-28 19:00:00,2025-11-29 18:30:00,33493,1.8,145.679992676,187.001327515,151.917373657,299.99,162.78811,96.06661,27.8470166524,True,False,False,-31.5453903352,-31.5453903352,0,0,True,False,False,False,False,,,False,False
NSW1,621,2026-05-27 14:00:00,2026-05-27 14:30:00,2026-05-28 14:00:00,42124,1.34500223275,179.100006104,150.88999939,146.936691284,299.99,154.99521,70.2552975,9.80271148682,True,False,False,67.1092451459,39.5942658012,-0.219996637177,0,False,False,False,False,False,,,False,False
NSW1,656,2026-08-28 18:00:00,2026-08-28 18:30:00,2026-08-29 18:00:00,46596,1.8,120.540000916,134.86000061,135.311569214,157.2141,22.97154,128.3683975,5.84059778849,False,False,True,3.7354676567,3.7354676567,0,0,False,False,False,False,False,,,False,False
QLD1,0,2024-01-03 15:00:00,2024-01-03 15:30:00,2024-01-04 15:00:00,127,1.8,45.3366661072,34.5500297546,38.4214477539,330.38735,295.83732,78.78402625,30.4194491704,True,True,False,-0.0488802869635,-0.0488802869635,0,0,False,False,False,False,False,,,False,False
QLD1,34,2024-02-13 14:00:00,2024-02-13 14:30:00,2024-02-14 14:00:00,2093,1.8,68.2616653442,49.5499992371,53.626121521,317.03222,267.48222,55.32770125,11.5531930923,False,True,False,39.2379508261,39.2315201942,-0.00011096224049,0,False,False,False,False,False,,,False,False
QLD1,69,2024-03-13 15:00:00,2024-03-13 15:30:00,2024-03-14 15:00:00,3487,1.8,41.6599998474,51.8469810486,63.7452468872,296.02788,244.1809,42.75583,9.27055740356,False,True,False,64.5215035359,64.5215035359,0,0,False,False,False,False,False,,,False,False
QLD1,103,2024-04-26 04:00:00,2024-04-26 04:30:00,2024-04-27 04:00:00,5577,1.79999998532,102.616668701,103.797363281,102.845664978,287.96238,243.2392,23.055225,4.62635803223,False,True,False,-14.0981941526,-14.0982078694,-1.61500799428e-07,1,True,True,True,True,True,29,2024-04-26 19:00:00,True,True
QLD1,138,2024-05-20 13:00:00,2024-05-20 13:30:00,2024-05-21 13:00:00,6747,1.8,-46.2466659546,-45.3400001526,-45.4239997864,273.52194,318.86194,16.29669625,400.66291825,False,True,False,5.09501682942,5.09501682942,0,0,False,False,False,False,False,,,False,False
QLD1,172,2024-06-12 06:00:00,2024-06-12 06:30:00,2024-06-13 06:00:00,7837,1.79996682419,68.5166702271,84.2661514282,79.9173431396,228.55,247.44,21.47097375,3.61143747965,False,True,False,152.460504462,152.460506891,1.26534671629e-08,0,False,False,False,False,False,,,False,False
QLD1,207,2024-07-04 07:00:00,2024-07-04 07:30:00,2024-07-05 07:00:00,8895,1.25055754587,257.591674805,385.059997559,316.402770996,385.06,330.03202,47.86953625,16.3469343185,True,True,False,22.0810972191,22.0814606484,1.37332280703e-06,0,False,False,False,False,False,,,False,False
QLD1,241,2024-07-30 03:00:00,2024-07-30 03:30:00,2024-07-31 03:00:00,10135,0.655000868678,138.028335571,117.065567017,118.761154175,331.95336,214.88779,55.082385,4.956310908,True,False,False,1871.6804787,1871.68031991,-9.009329896e-07,0,False,False,False,False,False,,,False,False
QLD1,275,2024-08-27 05:00:00,2024-08-27 05:30:00,2024-08-28 05:00:00,11483,1.01554976667,105.239997864,147.729995728,113.532981873,262.50251,256.13095,68.42464625,20.5579568148,False,True,False,76.3850102039,76.3849735259,-7.97347925685e-07,0,False,False,False,False,False,,,False,False
QLD1,310,2024-10-10 12:00:00,2024-10-10 12:30:00,2024-10-11 12:00:00,13608,1.8,-41.7799987793,37.6318588257,30.7197971344,58.76529,88.87529,162.30490125,26.7560413082,False,False,True,83.796902904,83.796902904,0,0,False,False,False,False,False,,,False,False
QLD1,344,2024-11-05 14:00:00,2024-11-05 14:30:00,2024-11-06 14:00:00,14860,1.8,30.6800003052,50.8868217468,66.0503616333,385.01,334.12318,72.15786625,15.0688473384,True,True,False,1.05755957069,1.05755957069,0,0,False,False,False,False,False,,,False,False
QLD1,379,2024-12-06 14:00:00,2024-12-06 14:30:00,2024-12-07 14:00:00,16348,0.896813007426,56.0999984741,55.7500305176,60.1020278931,279.39812,244.64816,21.05954375,5.81882890066,False,True,False,-38.8372227096,-44.8187662459,0.360551144138,0,True,False,False,False,False,,,False,False
QLD1,413,2025-01-14 16:00:00,2025-01-14 16:30:00,2025-01-15 16:00:00,18224,1.8,120.069999695,89.9935379028,91.7936325073,348.5,258.50646,83.48964,20.4655386607,True,True,False,72.3487766796,72.3487766796,0,0,False,False,False,False,False,,,False,False
QLD1,447,2025-03-15 14:30:00,2025-03-15 15:00:00,2025-03-16 14:30:00,21101,1.8,-23.7900009155,-26.0200004578,-30.017999649,258.08,284.1,51.9917525,16.1889894803,False,True,False,-6.47529946479,-6.47529946479,0,0,True,False,False,False,False,,,False,False
QLD1,482,2025-05-18 13:00:00,2025-05-18 13:30:00,2025-05-19 13:00:00,24170,1.8,-5.82000017166,44.9400405884,42.9020309448,6885.64009,6840.70005,872.3418775,407.63414828,True,True,True,47.3559309075,25.5849399305,-0.45498415196,0,False,False,False,False,False,,,False,False
QLD1,516,2025-06-28 23:00:00,2025-06-28 23:30:00,2025-06-29 23:00:00,26158,0.246103236209,247.759994507,206.687301636,255.168334961,229.19895,61.17895,161.3966125,21.6172688802,False,False,True,47.4770724888,47.4770437776,-1.44284327375e-07,0,False,False,False,False,False,,,False,False
QLD1,551,2025-08-15 14:30:00,2025-08-15 15:00:00,2025-08-16 14:30:00,28445,1.8,-28.9500007629,-15.4399995804,-15.4759998322,245.19448,260.69448,38.72070625,8.08340708415,False,True,False,-15.9826530064,-15.9826530064,0,0,True,False,False,False,False,,,False,False
QLD1,585,2025-10-20 14:00:00,2025-10-20 14:30:00,2025-10-21 14:00:00,31612,1.8,-13.1899995804,-13.75,-7.67070150375,513.64066,527.39066,52.69321625,78.3693837325,True,True,False,-15.554171454,-15.554171454,0,1,True,True,True,True,True,8,2025-10-20 18:30:00,True,True
QLD1,620,2026-01-16 14:30:00,2026-01-16 15:00:00,2026-01-17 14:30:00,35837,1.8,62.8499984741,16.1632099152,66.2166366577,299.95002,283.78681,104.0807725,28.8235913912,False,True,False,6.35664677466,6.35664677466,0,0,False,False,False,False,False,,,False,False
QLD1,654,2026-08-27 16:30:00,2026-08-27 17:00:00,2026-08-28 16:30:00,46545,1.8,114.190002441,63.7299995422,67.7041397095,275.07915,211.34915,171.78329375,34.7196334203,False,False,True,19.3238643766,19.3238643766,0,1,False,True,False,True,False,4,2026-08-27 19:00:00,True,False
SA1,0,2024-01-03 11:30:00,2024-01-03 12:00:00,2024-01-04 11:30:00,120,1.25055399892,41.2050018311,99.9800033569,138.771392822,173.44,73.46,481.206605,26.7580025991,False,False,True,-9.71307025157,-9.71305278757,-1.60563855486e-06,0,True,False,False,False,False,,,False,False
SA1,20,2024-02-14 02:30:00,2024-02-14 03:00:00,2024-02-15 02:30:00,2118,1.8,193.163330078,73.5291824341,73.4859466553,379.95,309.93,1709.5640575,487.721532504,True,False,True,163.758702441,174.02810089,0.220003537547,0,False,False,False,False,False,,,False,False
SA1,40,2024-03-20 06:00:00,2024-03-20 06:30:00,2024-03-21 06:00:00,3805,1.79999539792,111.709999084,152.841430664,101.900917053,297.38242,343.38237,67.99113875,29.9340206583,False,True,False,-22.1261131814,-22.1261131814,0,0,True,False,False,False,False,,,False,False
SA1,59,2024-04-26 04:00:00,2024-04-26 04:30:00,2024-04-27 04:00:00,5577,1.34500952134,119.863334656,123.660713196,123.862564087,524.81081,401.1501,25.9481625,6.56694984436,True,True,False,93.5610242009,84.8271202009,-0.0944495165511,0,False,False,False,False,False,,,False,False
SA1,79,2024-05-16 04:30:00,2024-05-16 05:00:00,2024-05-17 04:30:00,6538,1.34500224806,164.008331299,158.4556427,121.642662048,730.43638,571.98074,173.89002375,63.2012729645,True,True,False,84.9802047516,84.9801636371,-2.81201966379e-07,0,False,False,False,False,False,,,False,False
SA1,99,2024-06-06 03:30:00,2024-06-06 04:00:00,2024-06-07 03:30:00,7544,0.200040618229,94.0066680908,108.9661026,89.8238372803,379.99,291.95177,103.24303125,1276.36373138,True,False,False,-45.6316352177,-88.3750331984,-0.454999362479,1,True,True,True,True,True,9,2024-06-06 08:30:00,True,True
SA1,119,2024-06-27 15:00:00,2024-06-27 15:30:00,2024-06-28 15:00:00,8575,1.34501818363,80.8633346558,49.5783004761,61.7621650696,435.0562,385.4779,113.48261,32.2941242854,True,True,False,-40.9827930705,13.7569025121,1.14498227822,0,False,False,False,False,False,,,False,False
SA1,139,2024-07-25 04:00:00,2024-07-25 04:30:00,2024-07-26 04:00:00,9897,1.8,56.3166656494,0.0214300006628,0.0350878722966,329.07599,329.05456,251.545315,299.874496008,False,True,False,175.19618959,175.196182043,-1.52842225376e-07,1,False,True,False,True,False,7,2024-07-25 08:00:00,True,False
SA1,158,2024-08-18 03:30:00,2024-08-18 04:00:00,2024-08-19 03:30:00,11048,0.890001394496,192.38999939,171.440002441,152.175704956,400.44545,262.44545,71.49023,19.3447113037,True,False,False,31.6006473431,31.6006477791,8.53493831166e-09,1,False,True,False,True,False,31,2024-08-18 19:30:00,True,False
SA1,178,2024-09-23 14:30:00,2024-09-23 15:00:00,2024-09-24 14:30:00,12797,1.8,20.2999992371,0.141859993339,2.90065574646,12935.95,12935.80814,2895.61346625,28.4628009809,True,True,True,-6906.6078733,-6906.6078733,0,1,True,True,True,True,True,8,2024-09-23 19:00:00,True,True
SA1,198,2024-11-11 02:30:00,2024-11-11 03:00:00,2024-11-12 02:30:00,15125,0.890013165504,134.190002441,85.1049194336,80.7539978027,479.25524,395.9658,55.4434375,15.5014616648,True,True,False,-45.4757248035,22.5238599164,0.454998903369,0,False,False,False,False,False,,,False,False
SA1,218,2024-12-24 16:00:00,2024-12-24 16:30:00,2024-12-25 16:00:00,17216,1.8,-19.9300003052,-24.1605892181,-12.6556854248,300.01,324.17059,105.61507375,20.3972742558,False,True,False,31.1888313202,19.4954210724,0.454996494189,0,False,False,False,False,False,,,False,False
SA1,237,2025-02-28 09:00:00,2025-02-28 09:30:00,2025-03-01 09:00:00,20370,0.200000371918,161.899993896,200,133.391998291,537.22356,528.12356,132.07228125,59.7242202957,True,True,False,91.4038163296,91.4038157144,1.95900298844e-07,0,False,False,False,False,False,,,False,False
SA1,257,2025-05-20 18:30:00,2025-05-20 19:00:00,2025-05-21 18:30:00,24277,1.29890583638,432.350006104,275.980010986,294.162017822,641.68721,444.67079,277.40086875,79.6839078267,True,True,False,80.5486094774,177.495714658,0.501096317616,1,False,True,False,True,False,46,2025-05-21 18:00:00,True,False
SA1,277,2025-06-30 09:30:00,2025-06-30 10:00:00,2025-07-01 09:30:00,26227,0.294449579582,206.88999939,239.153213501,203.022323608,983.65,761.86463,240.496665,83.9036305745,True,True,False,68.0612942023,176.333031754,0.454999724732,1,False,True,False,True,False,43,2025-07-01 07:30:00,True,False
SA1,297,2025-08-01 04:00:00,2025-08-01 04:30:00,2025-08-02 04:00:00,27752,1.25055087209,167.419998169,138,154.429946899,1000,862,68.76500875,10.3278427124,True,True,False,18.7248124226,-47.9713467674,-0.454984384038,0,True,False,False,False,False,,,False,False
SA1,317,2025-10-13 03:00:00,2025-10-13 03:30:00,2025-10-14 03:00:00,31254,1.8,167.320007324,138,138.023986816,589.61914,451.61914,169.87543125,14.0968203545,True,True,False,-66.1541342395,-90.7240957033,-0.454999286366,1,True,True,True,True,True,4,2025-10-13 05:30:00,False,False
SA1,336,2026-01-08 15:30:00,2026-01-08 16:00:00,2026-01-09 15:30:00,35455,1.8,284.720001221,41.8410682678,53.2235641479,370,328.15893,105.18758,21.1618191401,False,True,False,-2.55735008401,-0.592757100442,-0.234999170365,0,False,False,False,False,False,,,False,False
SA1,356,2026-05-12 07:00:00,2026-05-12 07:30:00,2026-05-13 07:00:00,41390,1.29890418293,116.839996338,107.308197021,105.380149841,360.55,337.8898,110.0215675,24.1208343506,False,True,False,41.3177919405,83.7755529478,0.454969579363,0,False,False,False,False,False,,,False,False
SA1,376,2026-08-27 06:00:00,2026-08-27 06:30:00,2026-08-28 06:00:00,46524,0.655001384505,220.289993286,160.008895874,157.680130005,378.18,333.28975,123.07991,47.3137611286,False,True,False,9.80618045693,47.2679082506,0.266082318205,0,False,False,False,False,False,,,False,False
TAS1,0,2024-01-03 11:00:00,2024-01-03 11:30:00,2024-01-04 11:00:00,119,1.8,80.0666656494,150.244552612,107.246910095,310.02,159.77545,204.468525,128.007905324,False,False,True,21.4599336146,21.4599185628,-2.94739307488e-07,0,False,False,False,False,False,,,False,False
TAS1,30,2024-02-19 23:00:00,2024-02-19 23:30:00,2024-02-20 23:00:00,2399,0.655000613871,70.1999969482,56.8726005554,66.5425567627,330.02,275.80093,54.61862125,31.172779719,False,True,False,1.89898725352,1.89898083639,-6.40303736144e-08,0,False,False,False,False,False,,,False,False
TAS1,59,2024-03-20 14:00:00,2024-03-20 14:30:00,2024-03-21 14:00:00,3821,0.890013769583,-11.8633337021,12.5249996185,13.2850008011,333.02,321.60333,87.08300125,28.0317695141,False,True,False,-8.02794875133,-8.02794918966,-3.82878930782e-08,0,True,False,False,False,False,,,False,False
TAS1,89,2024-04-20 00:00:00,2024-04-20 00:30:00,2024-04-21 00:00:00,5281,0.200007110765,115.063331604,120.856987,116.315391541,450.1,334.92,51.443335,27.4364471436,True,True,False,-52.7355857979,26.6979400476,0.501094648653,0,False,False,False,False,False,,,False,False
TAS1,119,2024-05-13 04:30:00,2024-05-13 05:00:00,2024-05-14 04:30:00,6394,1.34499913021,192.358337402,149.43270874,122.924171448,430.60646,281.21833,43.2659825,11.9677918752,True,True,False,27.8869244853,73.3003685251,0.45499894951,0,False,False,False,False,False,,,False,False
TAS1,148,2024-06-03 04:00:00,2024-06-03 04:30:00,2024-06-04 04:00:00,7401,1.8,150.100006104,150.100006104,150.100006104,526.6664,376.5664,57.1218225,18.2350184123,True,True,False,-213.248972231,-254.011882992,-0.219997183549,1,True,True,True,True,True,22,2024-06-03 15:30:00,True,True
TAS1,178,2024-06-26 01:00:00,2024-06-26 01:30:00,2024-06-27 01:00:00,8499,1.34500012657,56.0883331299,54.2799987793,54.3239974976,320.22,303.90556,164.5858375,6.73468701045,False,True,False,19.3197724229,-23.1733273052,-0.454998819753,0,True,False,False,False,False,,,False,False
TAS1,208,2024-07-21 06:00:00,2024-07-21 06:30:00,2024-07-22 06:00:00,9709,0.84390015374,85.0299987793,69.2600021362,54.9228134155,350.06,316.07343,46.7754925,31.044658343,False,True,False,8.06536471612,8.06536471612,0,0,False,False,False,False,False,,,False,False
TAS1,237,2024-08-17 04:30:00,2024-08-17 05:00:00,2024-08-18 04:30:00,11002,0.200000639241,167.179992676,275.299987793,139.183990479,275.54,120.38,214.97126125,67.5324236552,False,False,True,105.795647635,-71.2731022729,-0.784635757278,0,True,False,False,False,False,,,False,False
TAS1,267,2024-10-14 07:30:00,2024-10-14 08:00:00,2024-10-15 07:30:00,13791,0.200000758995,34.7299995422,47.0917282104,36.0513572693,350.14,352.08,52.88170875,21.956634442,False,True,False,13.2085954352,8.53275981981,-0.54945187892,0,False,False,False,False,False,,,False,False
TAS1,297,2024-11-17 09:30:00,2024-11-17 10:00:00,2024-11-18 09:30:00,15427,1.34500111346,28.1000003815,320.079986572,98.3399810791,320.08,308.88,151.98625,80.0924412409,False,True,False,68.3990932762,68.3990606499,1.05552740159e-06,0,False,False,False,False,False,,,False,False
TAS1,327,2024-12-13 09:30:00,2024-12-13 10:00:00,2024-12-14 09:30:00,16675,1.79999971483,38.9399986267,99.1600036621,82.34400177,100.16,1,295.377445,59.705499862,False,False,True,28.8785305257,15.9168987706,-0.36054607733,0,False,False,False,False,False,,,False,False
TAS1,356,2025-01-25 23:00:00,2025-01-25 23:30:00,2025-01-26 23:00:00,18766,1.29890115492,120.080001831,350.059997559,350.059997559,350.06,209.99,202.74,69.438226064,False,False,True,-30.2753227251,-2.3514893687,0.360540147923,0,True,False,False,False,False,,,False,False
TAS1,386,2025-03-15 23:30:00,2025-03-16 00:00:00,2025-03-16 23:30:00,21119,1.34500472818,124.230003357,120.160003662,119.340454102,355.02,248.97257,96.72734375,19.6527169545,False,True,False,35.6479208239,35.6479208239,0,1,False,True,False,True,False,6,2025-03-16 03:00:00,True,False
TAS1,416,2025-04-21 22:30:00,2025-04-21 23:00:00,2025-04-22 22:30:00,22893,1.8,92.2300033569,134.240005493,109.82800293,320.02,240.78,67.9900775,7.21611086528,False,True,False,-54.8792218333,-54.8792155574,7.83211083211e-08,0,True,False,False,False,False,,,False,False
TAS1,445,2025-05-27 02:00:00,2025-05-27 02:30:00,2025-05-28 02:00:00,24580,1.79999977257,39.8800010681,275.040008545,102.001998901,275.04,239.8,131.895,58.0966701508,False,True,False,-15.9326520666,-1.82289195174,0.455006772354,0,True,False,False,False,False,,,False,False
TAS1,475,2025-06-26 03:30:00,2025-06-26 04:00:00,2025-06-27 03:30:00,26023,1.34522745141,261.609985352,234.276504517,235.631195068,600.14,398.17494,82.5977,18.8797607422,True,True,False,367.549624985,415.304440514,0.219997300033,0,False,False,False,False,False,,,False,False
TAS1,505,2025-09-17 17:00:00,2025-09-17 17:30:00,2025-09-18 17:00:00,30034,1.8,88.1100006104,0.10000000149,0.32800000906,302.57155,302.47155,265.345855,44.0171735057,False,True,True,-3.16284875394,-3.16303513497,-5.56361302595e-05,0,True,False,False,False,False,,,False,False
TAS1,534,2026-05-18 14:00:00,2026-05-18 14:30:00,2026-05-19 14:00:00,41692,1.3450014413,112.019996643,121.814102173,135.263015747,165.97277,44.15867,209.40358,47.1113395691,False,False,True,-8.22388591845,-8.22380848914,9.54503265926e-07,0,True,False,False,False,False,,,False,False
TAS1,564,2026-08-28 10:00:00,2026-08-28 10:30:00,2026-08-29 10:00:00,46580,1.79999969131,22.3700008392,450.079986572,149.975982666,450.08,389.92,132.4075,38.9451255798,True,True,False,-2.81253182153,-2.81253201961,-8.4652179988e-08,0,True,False,False,False,False,,,False,False
VIC1,0,2024-01-03 11:00:00,2024-01-03 11:30:00,2024-01-04 11:00:00,119,1.34500118797,45.0683326721,151.290008545,99.4134597778,321.29394,170.00393,226.071675,138.132424672,True,False,True,4.66374399675,4.66375388848,-8.32987790966e-07,0,False,False,False,False,False,,,False,False
VIC1,30,2024-03-05 15:30:00,2024-03-05 16:00:00,2024-03-06 15:30:00,3104,1.8,51.2849998474,38.8104400635,50.5055007935,338.00248,299.19204,121.631205,14.1374053955,True,True,False,-6.03817439402,-6.03817439402,0,1,True,True,True,True,True,5,2024-03-05 18:30:00,True,True
VIC1,61,2024-04-17 14:00:00,2024-04-17 14:30:00,2024-04-18 14:00:00,5165,1.34500009056,99.5866699219,109.471603394,66.6954421997,361.25694,251.78534,89.0502025,43.9564259847,True,True,False,3.72471441654,13.6711029381,0.455004036771,0,False,False,False,False,False,,,False,False
VIC1,91,2024-05-13 21:00:00,2024-05-13 21:30:00,2024-05-14 21:00:00,6427,0.749452228208,145.043334961,151.294281006,213.451339722,247.42633,118.05284,157.74197,13.1260636648,False,False,True,88.4659473932,10.1251764478,-0.406627060398,0,False,False,False,False,False,,,False,False
VIC1,121,2024-06-06 14:00:00,2024-06-06 14:30:00,2024-06-07 14:00:00,7565,1.34508226182,-18.0716667175,26.0757694244,36.263092041,291.11473,265.03896,61.811495,6.95297511419,False,True,False,37.1705086701,11.5446572823,-0.220002151866,0,False,False,False,False,False,,,False,False
VIC1,152,2024-06-30 14:00:00,2024-06-30 14:30:00,2024-07-01 14:00:00,8717,1.8,42.0966682434,8.94999980927,8.94999980927,274.67369,265.72369,26.42176125,12.3632880847,False,True,False,-7.26395645207,52.8167288774,0.22000189267,0,False,False,False,False,False,,,False,False
VIC1,182,2024-07-30 13:30:00,2024-07-30 14:00:00,2024-07-31 13:30:00,10156,0.890178883597,50.3950004578,35.9500007629,33.9120445251,297.79615,261.84615,47.70818125,1089.44832325,False,True,False,-561.61522264,-542.26814334,0.235008563826,1,True,True,True,True,True,8,2024-07-30 18:00:00,False,False
VIC1,212,2024-08-18 13:30:00,2024-08-18 14:00:00,2024-08-19 13:30:00,11068,1.56501735309,36.5999984741,32.2907409668,31.1664772034,266.05466,234.24893,15.464675,3.93554274241,False,True,False,50.8539154779,50.8539192514,2.25282055677e-07,0,False,False,False,False,False,,,False,False
VIC1,243,2024-10-17 04:30:00,2024-10-17 05:00:00,2024-10-18 04:30:00,13929,1.79999984917,22.2800006866,19.1800003052,14.5553865433,228.57643,230.06717,89.12437875,7.18568119407,False,True,False,-8.57955092314,-8.57955091983,-6.01617533569e-09,1,True,True,True,True,True,20,2024-10-17 15:00:00,True,True
VIC1,273,2024-11-15 17:00:00,2024-11-15 17:30:00,2024-11-16 17:00:00,15346,0.890000912382,111.86000061,8.94999980927,8.94989585876,255.05445,246.10445,90.89511875,21.2592567404,False,True,False,-29.9198492819,-29.9198492819,0,0,True,False,False,False,False,,,False,False
VIC1,303,2024-12-15 15:30:00,2024-12-15 16:00:00,2024-12-16 15:30:00,16783,1.8,161.070007324,47.7734985352,46.6023521423,277.55543,229.78193,57.1864675,4.05905056,False,True,False,94.0581223098,94.0581223098,0,0,False,False,False,False,False,,,False,False
VIC1,333,2025-02-18 04:00:00,2025-02-18 04:30:00,2025-02-19 04:00:00,19880,1.29890034824,140.539993286,116.584472656,112.864212036,382.02583,348.13603,55.445465,19.8321560224,True,True,False,11.619017403,9.44067587816,-0.234988286654,1,False,True,False,True,False,3,2025-02-18 06:00:00,False,False
VIC1,364,2025-05-01 06:00:00,2025-05-01 06:30:00,2025-05-02 06:00:00,23340,1.8,135.86000061,126.305908203,125.716880798,262.90763,231.23144,20.267835,3.57079186531,False,True,False,58.9684637145,-2.57643783923,-0.501098369212,0,True,False,False,False,False,,,False,False
VIC1,394,2025-06-10 14:00:00,2025-06-10 14:30:00,2025-06-11 14:00:00,25276,0.890000504277,162.589996338,152.798797607,143.145339966,309.14473,156.34594,243.17871875,42.589099884,True,False,True,-120.25979107,-29.1609578606,0.549450129871,0,True,False,False,False,False,,,False,False
VIC1,424,2025-07-17 14:30:00,2025-07-17 15:00:00,2025-07-18 14:30:00,27053,1.8,104.680000305,35.9399986267,49.405921936,298.1,262.16,303.44806125,58.3700857162,False,True,True,45.4383344775,48.7281741783,0.234988550058,0,False,False,False,False,False,,,False,False
VIC1,455,2025-08-20 06:30:00,2025-08-20 07:00:00,2025-08-21 06:30:00,28669,1.8,249.080001831,221.859573364,215.750411987,309.88822,257.83161,53.87680375,8.63791799545,True,True,False,-67.9244421059,-67.9244421059,0,0,True,False,False,False,False,,,False,False
VIC1,485,2025-10-15 14:30:00,2025-10-15 15:00:00,2025-10-16 14:30:00,31373,1.8,-8.64999961853,10.7600002289,-3.93020176888,317.15737,316.89731,62.804705,7.3573311915,True,True,False,-17.9918940928,-17.9918940928,0,1,True,True,True,True,True,8,2025-10-15 19:00:00,True,True
VIC1,515,2026-01-01 06:00:00,2026-01-01 06:30:00,2026-01-02 06:00:00,35100,0.200000001049,-8.60999965668,-7.98999977112,-7.58114147186,-7.99,245.61,50.41472125,24.6271460851,False,True,False,48.5125020803,38.2103645716,-0.549447333795,0,False,False,False,False,False,,,False,False
VIC1,546,2026-05-25 15:30:00,2026-05-25 16:00:00,2026-05-26 15:30:00,42031,1.8,100.169998169,114.910072327,112.900306702,291.73414,176.82407,161.01326375,26.796468099,False,False,True,9.07972958635,9.07972958635,0,0,False,False,False,False,False,,,False,False
VIC1,576,2026-08-27 16:30:00,2026-08-27 17:00:00,2026-08-28 16:30:00,46545,1.8,121.930000305,64.0444717407,66.8538360596,299.5,235.45553,200.99117125,37.602186203,False,True,True,-31.9954486291,-31.9954486291,2.22044604925e-16,1,True,True,True,True,True,4,2026-08-27 19:00:00,True,True
