scope,contrast,block_days,interior_dates,draws,seed,effect_aud_per_nominal_day,ci95_lo,ci95_hi,one_sided_p,two_sided_p,capacity_mw_for_cost,gross_mechanical_aud_per_mw_year,holm_primary_two_p
NSW1,S_minus_Cstar,7,973,10000,20261001,18.3841543733,-7.91654157587,49.6999671363,0.10798920108,0.206579342066,1,6710.21634625,
NSW1,IL_minus_Cstar,7,973,10000,20261001,13.14762567,-6.18061525225,33.5442563708,0.0990900909909,0.196080391961,1,4798.88336957,
QLD1,S_minus_Cstar,7,973,10000,20261001,14.7340457251,-10.3187709078,42.9762649516,0.140385961404,0.280371962804,1,5377.92668966,
QLD1,IL_minus_Cstar,7,973,10000,20261001,11.9272873481,-15.4494515102,39.6732640776,0.18698130187,0.37596240376,1,4353.45988205,
SA1,S_minus_Cstar,7,973,10000,20261001,22.4842166168,-8.15439498555,54.8689319226,0.0803919608039,0.156784321568,1,8206.73906512,
SA1,IL_minus_Cstar,7,973,10000,20261001,56.6099090085,23.0127799567,97.0447942244,0.00529947005299,0.00529947005299,1,20662.6167881,
TAS1,S_minus_Cstar,7,973,10000,20261001,-21.8729065269,-43.8523001288,-5.16008042002,0.974402559744,0.028897110289,1,-7983.61088231,
TAS1,IL_minus_Cstar,7,973,10000,20261001,-15.9910265092,-30.7131896476,-0.759443444317,0.982801719828,0.037596240376,1,-5836.72467586,
VIC1,S_minus_Cstar,7,973,10000,20261001,-3.66050883655,-24.5890978367,11.4958113328,0.679932006799,0.693330666933,1,-1336.08572534,
VIC1,IL_minus_Cstar,7,973,10000,20261001,12.3853743455,2.87752814832,23.868651984,0.018098190181,0.021597840216,1,4520.66163612,
five_assets_sum,S_minus_Cstar,7,973,10000,20261001,30.0690013517,-30.7877180987,96.6140385064,0.175482451755,0.354564543546,5,2195.03709867,0.175482451755
five_assets_sum,IL_minus_Cstar,7,973,10000,20261001,78.079169863,16.9148191158,145.908256031,0.014898510149,0.019498050195,5,5699.7794,0.029797020298
five_assets_equal_capacity_mean,S_minus_Cstar,7,973,10000,20261001,6.01380027034,-6.15754361974,19.3228077013,0.175482451755,0.354564543546,1,2195.03709867,
five_assets_equal_capacity_mean,IL_minus_Cstar,7,973,10000,20261001,15.6158339726,3.38296382317,29.1816512062,0.014898510149,0.019498050195,1,5699.7794,
NSW1,S_minus_Cstar,14,973,10000,20261001,18.3841543733,-7.19671690543,48.5708369265,0.107589241076,0.199180081992,1,6710.21634625,
NSW1,IL_minus_Cstar,14,973,10000,20261001,13.14762567,-6.72440591373,34.0250601526,0.110688931107,0.212478752125,1,4798.88336957,
QLD1,S_minus_Cstar,14,973,10000,20261001,14.7340457251,-10.7605502178,43.9793399477,0.145785421458,0.287371262874,1,5377.92668966,
QLD1,IL_minus_Cstar,14,973,10000,20261001,11.9272873481,-16.9107607528,40.1695755651,0.198080191981,0.397560243976,1,4353.45988205,
SA1,S_minus_Cstar,14,973,10000,20261001,22.4842166168,-7.91212394977,56.2811277739,0.0897910208979,0.161083891611,1,8206.73906512,
SA1,IL_minus_Cstar,14,973,10000,20261001,56.6099090085,20.2643430479,102.291011895,0.00919908009199,0.00929907009299,1,20662.6167881,
TAS1,S_minus_Cstar,14,973,10000,20261001,-21.8729065269,-44.8450025082,-4.90743837436,0.970902909709,0.032596740326,1,-7983.61088231,
TAS1,IL_minus_Cstar,14,973,10000,20261001,-15.9910265092,-30.0860418494,-1.38088813129,0.986101389861,0.029797020298,1,-5836.72467586,
VIC1,S_minus_Cstar,14,973,10000,20261001,-3.66050883655,-23.7832649299,11.3784957079,0.690430956904,0.684131586841,1,-1336.08572534,
VIC1,IL_minus_Cstar,14,973,10000,20261001,12.3853743455,3.59393238127,23.5207367976,0.016398360164,0.017698230177,1,4520.66163612,
five_assets_sum,S_minus_Cstar,14,973,10000,20261001,30.0690013517,-28.8246287551,96.9738677703,0.174682531747,0.348265173483,5,2195.03709867,0.174682531747
five_assets_sum,IL_minus_Cstar,14,973,10000,20261001,78.079169863,15.1960659172,150.120755845,0.017598240176,0.022297770223,5,5699.7794,0.035196480352
five_assets_equal_capacity_mean,S_minus_Cstar,14,973,10000,20261001,6.01380027034,-5.76492575103,19.3947735541,0.174682531747,0.348265173483,1,2195.03709867,
five_assets_equal_capacity_mean,IL_minus_Cstar,14,973,10000,20261001,15.6158339726,3.03921318344,30.0241511691,0.017598240176,0.022297770223,1,5699.7794,
NSW1,S_minus_Cstar,28,973,10000,20261001,18.3841543733,-7.49349126794,50.0200359855,0.116488351165,0.213878612139,1,6710.21634625,
NSW1,IL_minus_Cstar,28,973,10000,20261001,13.14762567,-6.3455561259,34.6144309849,0.111688831117,0.209079092091,1,4798.88336957,
QLD1,S_minus_Cstar,28,973,10000,20261001,14.7340457251,-10.1624589437,43.0247001222,0.14198580142,0.27697230277,1,5377.92668966,
QLD1,IL_minus_Cstar,28,973,10000,20261001,11.9272873481,-17.7086461741,41.8966391163,0.212478752125,0.42695730427,1,4353.45988205,
SA1,S_minus_Cstar,28,973,10000,20261001,22.4842166168,-9.74012318076,57.0270989928,0.0950904909509,0.186181381862,1,8206.73906512,
SA1,IL_minus_Cstar,28,973,10000,20261001,56.6099090085,16.0765304841,105.459813833,0.012598740126,0.013698630137,1,20662.6167881,
TAS1,S_minus_Cstar,28,973,10000,20261001,-21.8729065269,-43.7990477911,-4.60880008533,0.974802519748,0.031496850315,1,-7983.61088231,
TAS1,IL_minus_Cstar,28,973,10000,20261001,-15.9910265092,-31.8468129119,0.850962154538,0.975702429757,0.0558944105589,1,-5836.72467586,
VIC1,S_minus_Cstar,28,973,10000,20261001,-3.66050883655,-23.7604650612,11.129163186,0.687831216878,0.69303069693,1,-1336.08572534,
VIC1,IL_minus_Cstar,28,973,10000,20261001,12.3853743455,3.45576335273,24.3868303098,0.022797720228,0.023897610239,1,4520.66163612,
five_assets_sum,S_minus_Cstar,28,973,10000,20261001,30.0690013517,-31.9721656546,98.9823087513,0.182381761824,0.370362963704,5,2195.03709867,0.182381761824
five_assets_sum,IL_minus_Cstar,28,973,10000,20261001,78.079169863,8.17945929876,158.306348697,0.027797220278,0.040495950405,5,5699.7794,0.0555944405559
five_assets_equal_capacity_mean,S_minus_Cstar,28,973,10000,20261001,6.01380027034,-6.39443313092,19.7964617503,0.182381761824,0.370362963704,1,2195.03709867,
five_assets_equal_capacity_mean,IL_minus_Cstar,28,973,10000,20261001,15.6158339726,1.63589185975,31.6612697394,0.027797220278,0.040495950405,1,5699.7794,
