region,event_id,step,target,next_sparse_sale_step,entering_soc_raw,entering_soc_sparse,same_state_gap_mwh,raw_minus_sparse_discharge_mw,retained_inventory_mwh,sparse_current_forecast,sparse_future_peak_trading_block,current_actual_price,later_sale_actual_price,cash_delta_aud_window,marked_delta_aud_window,window_loss_gt1aud
NSW1,35,8,2024-02-28 18:30:00,9,1.8,1.8,0,0.0880021189404,0.0483528126046,185.547790527,275.812744141,223.529998779,170.654998779,3.0791142663,3.0791142663,False
QLD1,103,29,2024-04-26 19:00:00,34,1.34500080573,1.34500043346,3.72275823279e-07,0.828100552852,0.454999938143,278.050109863,301.897888184,222.86000061,151.815002441,-14.0981941526,-14.0982078694,True
QLD1,585,8,2025-10-20 18:30:00,9,1.8,1.8,0,0.9999999623,0.549450528736,366.306396484,410.284606934,177.339996338,138.660003662,-15.554171454,-15.554171454,True
QLD1,654,4,2026-08-27 19:00:00,5,1.8,1.8,0,0.999999967161,0.549450531407,191.866729736,219.852462769,132.190002441,122.879997253,19.3238643766,19.3238643766,False
SA1,99,9,2024-06-06 08:30:00,12,1.8,1.8,0,0.999999783222,0.549450430342,753.107788086,15920.015625,339.588348389,256.734985352,-45.6316352177,-88.3750331984,True
SA1,139,7,2024-07-25 08:00:00,8,1.8,1.8,0,0.911995825546,0.501096607443,317.338378906,447.404693604,263.793334961,256.213348389,175.19618959,175.196182043,False
SA1,158,31,2024-08-18 19:30:00,32,1.25055578732,1.25056286448,7.07716210968e-06,0.999897318178,0.549401245957,292.929504395,317.376220703,237.699996948,219.020004272,31.6006473431,31.6006477791,False
SA1,178,8,2024-09-23 19:00:00,9,1.8,1.8,0,0.739899208628,0.40653803059,13619.6591797,16579.8398438,15599.5996094,11900.2695312,-6906.6078733,-6906.6078733,True
SA1,257,46,2025-05-21 18:00:00,47,1.8,1.8,0,0.911995069542,0.501096192056,312.104003906,335.376403809,234.100006104,193.470001221,80.5486094774,177.495714658,False
SA1,277,43,2025-07-01 07:30:00,44,1.8,1.8,0,0.999999935946,0.549450514256,372.867980957,608.015075684,363.950012207,295.899993896,68.0612942023,176.333031754,False
SA1,317,4,2025-10-13 05:30:00,6,1.8,1.8,0,0.1718997683,0.0944504221426,309.988800049,562.694885254,220.039993286,194.080001831,-66.1541342395,-90.7240957033,True
TAS1,148,22,2024-06-03 15:30:00,24,1.8,1.8,0,0.999845127415,0.549365454623,219.002853394,227.873748779,249.070007324,194.77166748,-213.248972231,-254.011882992,True
TAS1,386,6,2025-03-16 03:00:00,7,1.8,1.8,0,0.999999881671,0.549450484435,130.53503418,224.128005981,79.4400024414,71.6699981689,35.6479208239,35.6479208239,False
VIC1,30,5,2024-03-05 18:30:00,6,1.8,1.8,0,0.911973127872,0.501084136193,149.187530518,245.004959106,153.291671753,147.216659546,-6.03817439402,-6.03817439402,True
VIC1,182,8,2024-07-30 18:00:00,9,1.8,1.8,0,0.171899843448,0.0944504634331,7344.91650391,12022.6494141,5560.79833984,705.181640625,-561.61522264,-542.26814334,True
VIC1,243,20,2024-10-17 15:00:00,25,1.8,1.8,0,0.999999198125,0.54945010886,17.1940040588,92.8224639893,123.949996948,99.3300018311,-8.57955092314,-8.57955091983,True
VIC1,333,3,2025-02-18 06:00:00,4,1.75390044549,1.7539004471,1.61095847773e-09,0.171897566846,0.0944492141639,155.62071228,275.020507812,180.820007324,152.13999939,11.619017403,9.44067587816,False
VIC1,485,8,2025-10-15 19:00:00,9,1.8,1.8,0,0.911999812912,0.501098798303,281.819946289,293.739135742,227.429992676,213.839996338,-17.9918940928,-17.9918940928,True
VIC1,576,4,2026-08-27 19:00:00,6,1.8,1.8,0,0.828098803431,0.454999342545,212.969238281,253.678314209,137.259994507,123.019996643,-31.9954486291,-31.9954486291,True
