policy,realized_horizon_price_band,forecast_target_cells,origins_with_any_target_in_band,horizons,cell_share,mae_aud_mwh,rmse_aud_mwh,bias_aud_mwh,share_of_policy_total_squared_error,scope
R,negative (<0),47651,10009,12,0.0849557490569,24.9883742832,325.783349153,13.4485857647,0.00643681132271,Retrospective descriptive binning by each horizon actual price; 12 overlapping forecast targets per origin are not independent observations
R,"ordinary [0,100)",335495,40938,12,0.598145454027,27.5299183764,423.212889896,9.41270709618,0.0764794609227,Retrospective descriptive binning by each horizon actual price; 12 overlapping forecast targets per origin are not independent observations
R,"elevated [100,1000)",175694,28488,12,0.313240338604,261.496878683,1840.97756729,219.886194196,0.75787034949,Retrospective descriptive binning by each horizon actual price; 12 overlapping forecast targets per origin are not independent observations
R,extreme >=1000,2052,955,12,0.00365845831283,6079.30081506,7807.83459029,2117.84264849,0.159213378264,Retrospective descriptive binning by each horizon actual price; 12 overlapping forecast targets per origin are not independent observations
Cstar,negative (<0),47651,10009,12,0.0849557490569,24.5912478685,270.689540923,13.5479117901,0.00497347621487,Retrospective descriptive binning by each horizon actual price; 12 overlapping forecast targets per origin are not independent observations
Cstar,"ordinary [0,100)",335495,40938,12,0.598145454027,27.4392072565,405.745488798,9.95540574493,0.0786753216292,Retrospective descriptive binning by each horizon actual price; 12 overlapping forecast targets per origin are not independent observations
Cstar,"elevated [100,1000)",175694,28488,12,0.313240338604,261.260770152,1745.22399926,221.290148775,0.76226215542,Retrospective descriptive binning by each horizon actual price; 12 overlapping forecast targets per origin are not independent observations
Cstar,extreme >=1000,2052,955,12,0.00365845831283,5586.70833632,7260.63606331,1925.87156156,0.154089046736,Retrospective descriptive binning by each horizon actual price; 12 overlapping forecast targets per origin are not independent observations
Ridge,negative (<0),47651,10009,12,0.0849557490569,131.171926022,147.679625555,128.466734207,0.00988902478349,Retrospective descriptive binning by each horizon actual price; 12 overlapping forecast targets per origin are not independent observations
Ridge,"ordinary [0,100)",335495,40938,12,0.598145454027,84.8377766165,107.839945145,75.9955881456,0.037126640248,Retrospective descriptive binning by each horizon actual price; 12 overlapping forecast targets per origin are not independent observations
Ridge,"elevated [100,1000)",175694,28488,12,0.313240338604,85.3664009071,165.25716802,20.9414561335,0.0456580988195,Retrospective descriptive binning by each horizon actual price; 12 overlapping forecast targets per origin are not independent observations
Ridge,extreme >=1000,2052,955,12,0.00365845831283,5198.07313809,6816.68013582,-5177.08742032,0.907326236149,Retrospective descriptive binning by each horizon actual price; 12 overlapping forecast targets per origin are not independent observations
SPO,negative (<0),47651,10009,12,0.0849557490569,41.6048546741,318.753075135,40.1700067833,0.00670899562711,Retrospective descriptive binning by each horizon actual price; 12 overlapping forecast targets per origin are not independent observations
SPO,"ordinary [0,100)",335495,40938,12,0.598145454027,37.6693522483,406.87215444,32.881663303,0.076962419509,Retrospective descriptive binning by each horizon actual price; 12 overlapping forecast targets per origin are not independent observations
SPO,"elevated [100,1000)",175694,28488,12,0.313240338604,260.49192481,1763.86110776,234.94209451,0.757464741908,Retrospective descriptive binning by each horizon actual price; 12 overlapping forecast targets per origin are not independent observations
SPO,extreme >=1000,2052,955,12,0.00365845831283,5805.94528524,7474.55758724,1846.1622223,0.158863842956,Retrospective descriptive binning by each horizon actual price; 12 overlapping forecast targets per origin are not independent observations
