scope,discharge_gap_threshold_mw,selected_windows,delay_opportunity_windows,failure_windows,failure_share_of_selected_windows,sum_marked_delta_in_failed_windows_aud,mean_marked_delta_in_failed_windows_aud,median_marked_delta_in_failed_windows_aud,worst_marked_delta_in_failed_windows_aud,all_negative_window_count_gt1aud,cash_sum_in_failed_windows_aud,scope_note
NSW1,0.05,20,1,0,0,0,,,,2,0,Post-hoc same-SOC diagnostic on fixed nonrandom starts; window losses are not losses causally attributable only to the flagged sale
NSW1,0.1,20,0,0,0,0,,,,2,0,Post-hoc same-SOC diagnostic on fixed nonrandom starts; window losses are not losses causally attributable only to the flagged sale
NSW1,0.2,20,0,0,0,0,,,,2,0,Post-hoc same-SOC diagnostic on fixed nonrandom starts; window losses are not losses causally attributable only to the flagged sale
QLD1,0.05,20,3,2,0.1,-29.6523793234,-14.8261896617,-14.8261896617,-15.554171454,5,-29.6523656066,Post-hoc same-SOC diagnostic on fixed nonrandom starts; window losses are not losses causally attributable only to the flagged sale
QLD1,0.1,20,3,2,0.1,-29.6523793234,-14.8261896617,-14.8261896617,-15.554171454,5,-29.6523656066,Post-hoc same-SOC diagnostic on fixed nonrandom starts; window losses are not losses causally attributable only to the flagged sale
QLD1,0.2,20,3,2,0.1,-29.6523793234,-14.8261896617,-14.8261896617,-15.554171454,5,-29.6523656066,Post-hoc same-SOC diagnostic on fixed nonrandom starts; window losses are not losses causally attributable only to the flagged sale
SA1,0.05,20,7,3,0.15,-7085.70700221,-2361.90233407,-90.7240957033,-6906.6078733,6,-7018.39364276,Post-hoc same-SOC diagnostic on fixed nonrandom starts; window losses are not losses causally attributable only to the flagged sale
SA1,0.1,20,7,3,0.15,-7085.70700221,-2361.90233407,-90.7240957033,-6906.6078733,6,-7018.39364276,Post-hoc same-SOC diagnostic on fixed nonrandom starts; window losses are not losses causally attributable only to the flagged sale
SA1,0.2,20,6,2,0.1,-6994.9829065,-3497.49145325,-3497.49145325,-6906.6078733,6,-6952.23950852,Post-hoc same-SOC diagnostic on fixed nonrandom starts; window losses are not losses causally attributable only to the flagged sale
TAS1,0.05,20,2,1,0.05,-254.011882992,-254.011882992,-254.011882992,-254.011882992,10,-213.248972231,Post-hoc same-SOC diagnostic on fixed nonrandom starts; window losses are not losses causally attributable only to the flagged sale
TAS1,0.1,20,2,1,0.05,-254.011882992,-254.011882992,-254.011882992,-254.011882992,10,-213.248972231,Post-hoc same-SOC diagnostic on fixed nonrandom starts; window losses are not losses causally attributable only to the flagged sale
TAS1,0.2,20,2,1,0.05,-254.011882992,-254.011882992,-254.011882992,-254.011882992,10,-213.248972231,Post-hoc same-SOC diagnostic on fixed nonrandom starts; window losses are not losses causally attributable only to the flagged sale
VIC1,0.05,20,6,5,0.25,-606.873211376,-121.374642275,-17.9918940928,-542.26814334,9,-626.220290679,Post-hoc same-SOC diagnostic on fixed nonrandom starts; window losses are not losses causally attributable only to the flagged sale
VIC1,0.1,20,6,5,0.25,-606.873211376,-121.374642275,-17.9918940928,-542.26814334,9,-626.220290679,Post-hoc same-SOC diagnostic on fixed nonrandom starts; window losses are not losses causally attributable only to the flagged sale
VIC1,0.2,20,4,4,0.2,-64.6050680357,-16.1512670089,-13.2857225063,-31.9954486291,9,-64.605068039,Post-hoc same-SOC diagnostic on fixed nonrandom starts; window losses are not losses causally attributable only to the flagged sale
all_100_selected,0.05,100,19,11,0.11,-7976.2444759,-725.113134173,-31.9954486291,-6906.6078733,32,-7887.51527128,Post-hoc same-SOC diagnostic on fixed nonrandom starts; window losses are not losses causally attributable only to the flagged sale
all_100_selected,0.1,100,18,11,0.11,-7976.2444759,-725.113134173,-31.9954486291,-6906.6078733,32,-7887.51527128,Post-hoc same-SOC diagnostic on fixed nonrandom starts; window losses are not losses causally attributable only to the flagged sale
all_100_selected,0.2,100,15,9,0.09,-7343.25223685,-815.916915206,-17.9918940928,-6906.6078733,32,-7259.7459144,Post-hoc same-SOC diagnostic on fixed nonrandom starts; window losses are not losses causally attributable only to the flagged sale
