scope,contrast,block_days,incremental_archive_cost_aud_per_mw_year,gross_aud_per_mw_year,net_aud_per_mw_year,net_ci95_lo_aud_per_mw_year,net_ci95_hi_aud_per_mw_year,net_aud_per_scope_day,net_ci95_lo_aud_per_scope_day,net_ci95_hi_aud_per_scope_day,net_point_positive,conditional_95_interval_positive,cost_is_measured
NSW1,S_minus_Cstar,7,0,6710.21634625,6710.21634625,-2889.53767519,18140.4880048,18.3841543733,-7.91654157587,49.6999671363,True,False,False
NSW1,S_minus_Cstar,7,1000,6710.21634625,5710.21634625,-3889.53767519,17140.4880048,15.6444283459,-10.6562676033,46.9602411089,True,False,False
NSW1,S_minus_Cstar,7,2000,6710.21634625,4710.21634625,-4889.53767519,16140.4880048,12.9047023185,-13.3959936307,44.2205150815,True,False,False
NSW1,S_minus_Cstar,7,5000,6710.21634625,1710.21634625,-7889.53767519,13140.4880048,4.68552423629,-21.6151717129,36.0013369994,True,False,False
NSW1,IL_minus_Cstar,7,0,4798.88336957,4798.88336957,-2255.92456707,12243.6535754,13.14762567,-6.18061525225,33.5442563708,True,False,False
NSW1,IL_minus_Cstar,7,1000,4798.88336957,3798.88336957,-3255.92456707,11243.6535754,10.4078996426,-8.92034127965,30.8045303434,True,False,False
NSW1,IL_minus_Cstar,7,2000,4798.88336957,2798.88336957,-4255.92456707,10243.6535754,7.66817361525,-11.660067307,28.064804316,True,False,False
NSW1,IL_minus_Cstar,7,5000,4798.88336957,-201.116630434,-7255.92456707,7243.65357535,-0.551004466943,-19.8792453892,19.8456262338,False,False,False
QLD1,S_minus_Cstar,7,0,5377.92668966,5377.92668966,-3766.35138134,15686.3367073,14.7340457251,-10.3187709078,42.9762649516,True,False,False
QLD1,S_minus_Cstar,7,1000,5377.92668966,4377.92668966,-4766.35138134,14686.3367073,11.9943196977,-13.0584969352,40.2365389242,True,False,False
QLD1,S_minus_Cstar,7,2000,5377.92668966,3377.92668966,-5766.35138134,13686.3367073,9.2545936703,-15.7982229626,37.4968128968,True,False,False
QLD1,S_minus_Cstar,7,5000,5377.92668966,377.926689661,-8766.35138134,10686.3367073,1.03541558811,-24.0174010448,29.2776348146,True,False,False
QLD1,IL_minus_Cstar,7,0,4353.45988205,4353.45988205,-5639.04980122,14480.7413883,11.9272873481,-15.4494515102,39.6732640776,True,False,False
QLD1,IL_minus_Cstar,7,1000,4353.45988205,3353.45988205,-6639.04980122,13480.7413883,9.1875613207,-18.1891775376,36.9335380502,True,False,False
QLD1,IL_minus_Cstar,7,2000,4353.45988205,2353.45988205,-7639.04980122,12480.7413883,6.4478352933,-20.928903565,34.1938120229,True,False,False
QLD1,IL_minus_Cstar,7,5000,4353.45988205,-646.540117946,-10639.0498012,9480.74138834,-1.77134278889,-29.1480816472,25.9746339407,False,False,False
SA1,S_minus_Cstar,7,0,8206.73906512,8206.73906512,-2976.35416973,20027.1601517,22.4842166168,-8.15439498555,54.8689319226,True,False,False
SA1,S_minus_Cstar,7,1000,8206.73906512,7206.73906512,-3976.35416973,19027.1601517,19.7444905894,-10.894121013,52.1292058952,True,False,False
SA1,S_minus_Cstar,7,2000,8206.73906512,6206.73906512,-4976.35416973,18027.1601517,17.004764562,-13.6338470403,49.3894798678,True,False,False
SA1,S_minus_Cstar,7,5000,8206.73906512,3206.73906512,-7976.35416973,15027.1601517,8.78558647977,-21.8530251225,41.1703017856,True,False,False
SA1,IL_minus_Cstar,7,0,20662.6167881,20662.6167881,8399.6646842,35421.3498919,56.6099090085,23.0127799567,97.0447942244,True,True,False
SA1,IL_minus_Cstar,7,1000,20662.6167881,19662.6167881,7399.6646842,34421.3498919,53.8701829811,20.2730539293,94.305068197,True,True,False
SA1,IL_minus_Cstar,7,2000,20662.6167881,18662.6167881,6399.6646842,33421.3498919,51.1304569537,17.5333279019,91.5653421696,True,True,False
SA1,IL_minus_Cstar,7,5000,20662.6167881,15662.6167881,3399.6646842,30421.3498919,42.9112788715,9.31414981973,83.3461640875,True,True,False
TAS1,S_minus_Cstar,7,0,-7983.61088231,-7983.61088231,-16006.089547,-1883.42935331,-21.8729065269,-43.8523001288,-5.16008042002,False,False,False
TAS1,S_minus_Cstar,7,1000,-7983.61088231,-8983.61088231,-17006.089547,-2883.42935331,-24.6126325543,-46.5920261562,-7.89980644742,False,False,False
TAS1,S_minus_Cstar,7,2000,-7983.61088231,-9983.61088231,-18006.089547,-3883.42935331,-27.3523585817,-49.3317521836,-10.6395324748,False,False,False
TAS1,S_minus_Cstar,7,5000,-7983.61088231,-12983.6108823,-21006.089547,-6883.42935331,-35.5715366639,-57.5509302658,-18.858710557,False,False,False
TAS1,IL_minus_Cstar,7,0,-5836.72467586,-5836.72467586,-11210.3142214,-277.196857176,-15.9910265092,-30.7131896476,-0.759443444317,False,False,False
TAS1,IL_minus_Cstar,7,1000,-5836.72467586,-6836.72467586,-12210.3142214,-1277.19685718,-18.7307525366,-33.452915675,-3.49916947171,False,False,False
TAS1,IL_minus_Cstar,7,2000,-5836.72467586,-7836.72467586,-13210.3142214,-2277.19685718,-21.470478564,-36.1926417024,-6.23889549911,False,False,False
TAS1,IL_minus_Cstar,7,5000,-5836.72467586,-10836.7246759,-16210.3142214,-5277.19685718,-29.6896566462,-44.4118197846,-14.4580735813,False,False,False
VIC1,S_minus_Cstar,7,0,-1336.08572534,-1336.08572534,-8975.02071041,4195.97113648,-3.66050883655,-24.5890978367,11.4958113328,False,False,False
VIC1,S_minus_Cstar,7,1000,-1336.08572534,-2336.08572534,-9975.02071041,3195.97113648,-6.40023486395,-27.3288238641,8.75608530543,False,False,False
VIC1,S_minus_Cstar,7,2000,-1336.08572534,-3336.08572534,-10975.0207104,2195.97113648,-9.13996089135,-30.0685498915,6.01635927804,False,False,False
VIC1,S_minus_Cstar,7,5000,-1336.08572534,-6336.08572534,-13975.0207104,-804.028863517,-17.3591389735,-38.2877279737,-2.20281880416,False,False,False
VIC1,IL_minus_Cstar,7,0,4520.66163612,4520.66163612,1050.29777414,8712.05797415,12.3853743455,2.87752814832,23.868651984,True,True,False
VIC1,IL_minus_Cstar,7,1000,4520.66163612,3520.66163612,50.2977741371,7712.05797415,9.64564831815,0.137802120923,21.1289259566,True,True,False
VIC1,IL_minus_Cstar,7,2000,4520.66163612,2520.66163612,-949.702225863,6712.05797415,6.90592229075,-2.60192390647,18.3891999292,True,False,False
VIC1,IL_minus_Cstar,7,5000,4520.66163612,-479.338363876,-3949.70222586,3712.05797415,-1.31325579144,-10.8211019887,10.170021847,False,False,False
five_assets_sum,S_minus_Cstar,7,0,2195.03709867,2195.03709867,-2247.5034212,7052.82481097,30.0690013517,-30.7877180987,96.6140385064,True,False,False
five_assets_sum,S_minus_Cstar,7,1000,2195.03709867,1195.03709867,-3247.5034212,6052.82481097,16.3703712147,-44.4863482357,82.9154083695,True,False,False
five_assets_sum,S_minus_Cstar,7,2000,2195.03709867,195.037098674,-4247.5034212,5052.82481097,2.67174107773,-58.1849783727,69.2167782325,True,False,False
five_assets_sum,S_minus_Cstar,7,5000,2195.03709867,-2804.96290133,-7247.5034212,2052.82481097,-38.4241493332,-99.2808687836,28.1208878215,False,False,False
five_assets_sum,IL_minus_Cstar,7,0,5699.7794,5699.7794,1234.78179546,10651.3026903,78.079169863,16.9148191158,145.908256031,True,True,False
five_assets_sum,IL_minus_Cstar,7,1000,5699.7794,4699.7794,234.781795456,9651.30269026,64.380539726,3.21618897884,132.209625894,True,True,False
five_assets_sum,IL_minus_Cstar,7,2000,5699.7794,3699.7794,-765.218204544,8651.30269026,50.681909589,-10.4824411581,118.510995757,True,False,False
five_assets_sum,IL_minus_Cstar,7,5000,5699.7794,699.779399996,-3765.21820454,5651.30269026,9.58601917803,-51.5783315691,77.4151053461,True,False,False
five_assets_equal_capacity_mean,S_minus_Cstar,7,0,2195.03709867,2195.03709867,-2247.5034212,7052.82481097,6.01380027034,-6.15754361974,19.3228077013,True,False,False
five_assets_equal_capacity_mean,S_minus_Cstar,7,1000,2195.03709867,1195.03709867,-3247.5034212,6052.82481097,3.27407424294,-8.89726964714,16.5830816739,True,False,False
five_assets_equal_capacity_mean,S_minus_Cstar,7,2000,2195.03709867,195.037098674,-4247.5034212,5052.82481097,0.534348215545,-11.6369956745,13.8433556465,True,False,False
five_assets_equal_capacity_mean,S_minus_Cstar,7,5000,2195.03709867,-2804.96290133,-7247.5034212,2052.82481097,-7.68482986665,-19.8561737567,5.6241775643,False,False,False
five_assets_equal_capacity_mean,IL_minus_Cstar,7,0,5699.7794,5699.7794,1234.78179546,10651.3026903,15.6158339726,3.38296382317,29.1816512062,True,True,False
five_assets_equal_capacity_mean,IL_minus_Cstar,7,1000,5699.7794,4699.7794,234.781795456,9651.30269026,12.8761079452,0.643237795769,26.4419251788,True,True,False
five_assets_equal_capacity_mean,IL_minus_Cstar,7,2000,5699.7794,3699.7794,-765.218204544,8651.30269026,10.1363819178,-2.09648823163,23.7021991514,True,False,False
five_assets_equal_capacity_mean,IL_minus_Cstar,7,5000,5699.7794,699.779399996,-3765.21820454,5651.30269026,1.91720383561,-10.3156663138,15.4830210692,True,False,False
NSW1,S_minus_Cstar,14,0,6710.21634625,6710.21634625,-2626.80167048,17728.3554782,18.3841543733,-7.19671690543,48.5708369265,True,False,False
NSW1,S_minus_Cstar,14,1000,6710.21634625,5710.21634625,-3626.80167048,16728.3554782,15.6444283459,-9.93644293283,45.8311108991,True,False,False
NSW1,S_minus_Cstar,14,2000,6710.21634625,4710.21634625,-4626.80167048,15728.3554782,12.9047023185,-12.6761689602,43.0913848717,True,False,False
NSW1,S_minus_Cstar,14,5000,6710.21634625,1710.21634625,-7626.80167048,12728.3554782,4.68552423629,-20.8953470424,34.8722067895,True,False,False
NSW1,IL_minus_Cstar,14,0,4798.88336957,4798.88336957,-2454.40815851,12419.1469557,13.14762567,-6.72440591373,34.0250601526,True,False,False
NSW1,IL_minus_Cstar,14,1000,4798.88336957,3798.88336957,-3454.40815851,11419.1469557,10.4078996426,-9.46413194112,31.2853341252,True,False,False
NSW1,IL_minus_Cstar,14,2000,4798.88336957,2798.88336957,-4454.40815851,10419.1469557,7.66817361525,-12.2038579685,28.5456080978,True,False,False
NSW1,IL_minus_Cstar,14,5000,4798.88336957,-201.116630434,-7454.40815851,7419.1469557,-0.551004466943,-20.4230360507,20.3264300156,False,False,False
QLD1,S_minus_Cstar,14,0,5377.92668966,5377.92668966,-3927.60082951,16052.4590809,14.7340457251,-10.7605502178,43.9793399477,True,False,False
QLD1,S_minus_Cstar,14,1000,5377.92668966,4377.92668966,-4927.60082951,15052.4590809,11.9943196977,-13.5002762452,41.2396139203,True,False,False
QLD1,S_minus_Cstar,14,2000,5377.92668966,3377.92668966,-5927.60082951,14052.4590809,9.2545936703,-16.2400022726,38.4998878929,True,False,False
QLD1,S_minus_Cstar,14,5000,5377.92668966,377.926689661,-8927.60082951,11052.4590809,1.03541558811,-24.4591803548,30.2807098107,True,False,False
QLD1,IL_minus_Cstar,14,0,4353.45988205,4353.45988205,-6172.42767476,14661.8950812,11.9272873481,-16.9107607528,40.1695755651,True,False,False
QLD1,IL_minus_Cstar,14,1000,4353.45988205,3353.45988205,-7172.42767476,13661.8950812,9.1875613207,-19.6504867802,37.4298495377,True,False,False
QLD1,IL_minus_Cstar,14,2000,4353.45988205,2353.45988205,-8172.42767476,12661.8950812,6.4478352933,-22.3902128076,34.6901235103,True,False,False
QLD1,IL_minus_Cstar,14,5000,4353.45988205,-646.540117946,-11172.4276748,9661.89508124,-1.77134278889,-30.6093908898,26.4709454281,False,False,False
SA1,S_minus_Cstar,14,0,8206.73906512,8206.73906512,-2887.92524167,20542.6116375,22.4842166168,-7.91212394977,56.2811277739,True,False,False
SA1,S_minus_Cstar,14,1000,8206.73906512,7206.73906512,-3887.92524167,19542.6116375,19.7444905894,-10.6518499772,53.5414017465,True,False,False
SA1,S_minus_Cstar,14,2000,8206.73906512,6206.73906512,-4887.92524167,18542.6116375,17.004764562,-13.3915760046,50.8016757191,True,False,False
SA1,S_minus_Cstar,14,5000,8206.73906512,3206.73906512,-7887.92524167,15542.6116375,8.78558647977,-21.6107540868,42.5824976369,True,False,False
SA1,IL_minus_Cstar,14,0,20662.6167881,20662.6167881,7396.48521248,37336.2193416,56.6099090085,20.2643430479,102.291011895,True,True,False
SA1,IL_minus_Cstar,14,1000,20662.6167881,19662.6167881,6396.48521248,36336.2193416,53.8701829811,17.5246170205,99.5512858673,True,True,False
SA1,IL_minus_Cstar,14,2000,20662.6167881,18662.6167881,5396.48521248,35336.2193416,51.1304569537,14.7848909931,96.8115598399,True,True,False
SA1,IL_minus_Cstar,14,5000,20662.6167881,15662.6167881,2396.48521248,32336.2193416,42.9112788715,6.56571291089,88.5923817577,True,True,False
TAS1,S_minus_Cstar,14,0,-7983.61088231,-7983.61088231,-16368.4259155,-1791.21500664,-21.8729065269,-44.8450025082,-4.90743837436,False,False,False
TAS1,S_minus_Cstar,14,1000,-7983.61088231,-8983.61088231,-17368.4259155,-2791.21500664,-24.6126325543,-47.5847285356,-7.64716440176,False,False,False
TAS1,S_minus_Cstar,14,2000,-7983.61088231,-9983.61088231,-18368.4259155,-3791.21500664,-27.3523585817,-50.324454563,-10.3868904292,False,False,False
TAS1,S_minus_Cstar,14,5000,-7983.61088231,-12983.6108823,-21368.4259155,-6791.21500664,-35.5715366639,-58.5436326452,-18.6060685114,False,False,False
TAS1,IL_minus_Cstar,14,0,-5836.72467586,-5836.72467586,-10981.405275,-504.024167923,-15.9910265092,-30.0860418494,-1.38088813129,False,False,False
TAS1,IL_minus_Cstar,14,1000,-5836.72467586,-6836.72467586,-11981.405275,-1504.02416792,-18.7307525366,-32.8257678768,-4.12061415869,False,False,False
TAS1,IL_minus_Cstar,14,2000,-5836.72467586,-7836.72467586,-12981.405275,-2504.02416792,-21.470478564,-35.5654939042,-6.86034018609,False,False,False
TAS1,IL_minus_Cstar,14,5000,-5836.72467586,-10836.7246759,-15981.405275,-5504.02416792,-29.6896566462,-43.7846719864,-15.0795182683,False,False,False
VIC1,S_minus_Cstar,14,0,-1336.08572534,-1336.08572534,-8680.8916994,4153.1509334,-3.66050883655,-23.7832649299,11.3784957079,False,False,False
VIC1,S_minus_Cstar,14,1000,-1336.08572534,-2336.08572534,-9680.8916994,3153.1509334,-6.40023486395,-26.5229909573,8.63876968055,False,False,False
VIC1,S_minus_Cstar,14,2000,-1336.08572534,-3336.08572534,-10680.8916994,2153.1509334,-9.13996089135,-29.2627169847,5.89904365315,False,False,False
VIC1,S_minus_Cstar,14,5000,-1336.08572534,-6336.08572534,-13680.8916994,-846.8490666,-17.3591389735,-37.4818950669,-2.32013442904,False,False,False
VIC1,IL_minus_Cstar,14,0,4520.66163612,4520.66163612,1311.78531916,8585.06893113,12.3853743455,3.59393238127,23.5207367976,True,True,False
VIC1,IL_minus_Cstar,14,1000,4520.66163612,3520.66163612,311.785319163,7585.06893113,9.64564831815,0.854206353871,20.7810107702,True,True,False
VIC1,IL_minus_Cstar,14,2000,4520.66163612,2520.66163612,-688.214680837,6585.06893113,6.90592229075,-1.88551967353,18.0412847428,True,False,False
VIC1,IL_minus_Cstar,14,5000,4520.66163612,-479.338363876,-3688.21468084,3585.06893113,-1.31325579144,-10.1046977557,9.82210666063,False,False,False
five_assets_sum,S_minus_Cstar,14,0,2195.03709867,2195.03709867,-2104.19789912,7079.09234723,30.0690013517,-28.8246287551,96.9738677703,True,False,False
five_assets_sum,S_minus_Cstar,14,1000,2195.03709867,1195.03709867,-3104.19789912,6079.09234723,16.3703712147,-42.5232588921,83.2752376333,True,False,False
five_assets_sum,S_minus_Cstar,14,2000,2195.03709867,195.037098674,-4104.19789912,5079.09234723,2.67174107773,-56.2218890291,69.5766074963,True,False,False
five_assets_sum,S_minus_Cstar,14,5000,2195.03709867,-2804.96290133,-7104.19789912,2079.09234723,-38.4241493332,-97.3177794401,28.4807170853,False,False,False
five_assets_sum,IL_minus_Cstar,14,0,5699.7794,5699.7794,1109.31281196,10958.8151767,78.079169863,15.1960659172,150.120755845,True,True,False
five_assets_sum,IL_minus_Cstar,14,1000,5699.7794,4699.7794,109.312811956,9958.81517671,64.380539726,1.49743578023,136.422125708,True,True,False
five_assets_sum,IL_minus_Cstar,14,2000,5699.7794,3699.7794,-890.687188044,8958.81517671,50.681909589,-12.2011943568,122.723495571,True,False,False
five_assets_sum,IL_minus_Cstar,14,5000,5699.7794,699.779399996,-3890.68718804,5958.81517671,9.58601917803,-53.2970847677,81.6276051605,True,False,False
five_assets_equal_capacity_mean,S_minus_Cstar,14,0,2195.03709867,2195.03709867,-2104.19789912,7079.09234723,6.01380027034,-5.76492575103,19.3947735541,True,False,False
five_assets_equal_capacity_mean,S_minus_Cstar,14,1000,2195.03709867,1195.03709867,-3104.19789912,6079.09234723,3.27407424294,-8.50465177842,16.6550475267,True,False,False
five_assets_equal_capacity_mean,S_minus_Cstar,14,2000,2195.03709867,195.037098674,-4104.19789912,5079.09234723,0.534348215545,-11.2443778058,13.9153214993,True,False,False
five_assets_equal_capacity_mean,S_minus_Cstar,14,5000,2195.03709867,-2804.96290133,-7104.19789912,2079.09234723,-7.68482986665,-19.463555888,5.69614341707,False,False,False
five_assets_equal_capacity_mean,IL_minus_Cstar,14,0,5699.7794,5699.7794,1109.31281196,10958.8151767,15.6158339726,3.03921318344,30.0241511691,True,True,False
five_assets_equal_capacity_mean,IL_minus_Cstar,14,1000,5699.7794,4699.7794,109.312811956,9958.81517671,12.8761079452,0.299487156045,27.2844251417,True,True,False
five_assets_equal_capacity_mean,IL_minus_Cstar,14,2000,5699.7794,3699.7794,-890.687188044,8958.81517671,10.1363819178,-2.44023887135,24.5446991143,True,False,False
five_assets_equal_capacity_mean,IL_minus_Cstar,14,5000,5699.7794,699.779399996,-3890.68718804,5958.81517671,1.91720383561,-10.6594169535,16.3255210321,True,False,False
NSW1,S_minus_Cstar,28,0,6710.21634625,6710.21634625,-2735.1243128,18257.3131347,18.3841543733,-7.49349126794,50.0200359855,True,False,False
NSW1,S_minus_Cstar,28,1000,6710.21634625,5710.21634625,-3735.1243128,17257.3131347,15.6444283459,-10.2332172953,47.2803099581,True,False,False
NSW1,S_minus_Cstar,28,2000,6710.21634625,4710.21634625,-4735.1243128,16257.3131347,12.9047023185,-12.9729433227,44.5405839307,True,False,False
NSW1,S_minus_Cstar,28,5000,6710.21634625,1710.21634625,-7735.1243128,13257.3131347,4.68552423629,-21.1921214049,36.3214058486,True,False,False
NSW1,IL_minus_Cstar,28,0,4798.88336957,4798.88336957,-2316.12798595,12634.2673095,13.14762567,-6.3455561259,34.6144309849,True,False,False
NSW1,IL_minus_Cstar,28,1000,4798.88336957,3798.88336957,-3316.12798595,11634.2673095,10.4078996426,-9.08528215329,31.8747049575,True,False,False
NSW1,IL_minus_Cstar,28,2000,4798.88336957,2798.88336957,-4316.12798595,10634.2673095,7.66817361525,-11.8250081807,29.1349789301,True,False,False
NSW1,IL_minus_Cstar,28,5000,4798.88336957,-201.116630434,-7316.12798595,7634.26730948,-0.551004466943,-20.0441862629,20.9158008479,False,False,False
QLD1,S_minus_Cstar,28,0,5377.92668966,5377.92668966,-3709.29751445,15704.0155446,14.7340457251,-10.1624589437,43.0247001222,True,False,False
QLD1,S_minus_Cstar,28,1000,5377.92668966,4377.92668966,-4709.29751445,14704.0155446,11.9943196977,-12.9021849711,40.2849740948,True,False,False
QLD1,S_minus_Cstar,28,2000,5377.92668966,3377.92668966,-5709.29751445,13704.0155446,9.2545936703,-15.6419109985,37.5452480675,True,False,False
QLD1,S_minus_Cstar,28,5000,5377.92668966,377.926689661,-8709.29751445,10704.0155446,1.03541558811,-23.8610890807,29.3260699853,True,False,False
QLD1,IL_minus_Cstar,28,0,4353.45988205,4353.45988205,-6463.65585353,15292.2732774,11.9272873481,-17.7086461741,41.8966391163,True,False,False
QLD1,IL_minus_Cstar,28,1000,4353.45988205,3353.45988205,-7463.65585353,14292.2732774,9.1875613207,-20.4483722015,39.1569130889,True,False,False
QLD1,IL_minus_Cstar,28,2000,4353.45988205,2353.45988205,-8463.65585353,13292.2732774,6.4478352933,-23.1880982288,36.4171870615,True,False,False
QLD1,IL_minus_Cstar,28,5000,4353.45988205,-646.540117946,-11463.6558535,10292.2732774,-1.77134278889,-31.407276311,28.1980089793,False,False,False
SA1,S_minus_Cstar,28,0,8206.73906512,8206.73906512,-3555.14496098,20814.8911324,22.4842166168,-9.74012318076,57.0270989928,True,False,False
SA1,S_minus_Cstar,28,1000,8206.73906512,7206.73906512,-4555.14496098,19814.8911324,19.7444905894,-12.4798492082,54.2873729654,True,False,False
SA1,S_minus_Cstar,28,2000,8206.73906512,6206.73906512,-5555.14496098,18814.8911324,17.004764562,-15.2195752356,51.547646938,True,False,False
SA1,S_minus_Cstar,28,5000,8206.73906512,3206.73906512,-8555.14496098,15814.8911324,8.78558647977,-23.4387533177,43.3284688558,True,False,False
SA1,IL_minus_Cstar,28,0,20662.6167881,20662.6167881,5867.93362671,38492.8320491,56.6099090085,16.0765304841,105.459813833,True,True,False
SA1,IL_minus_Cstar,28,1000,20662.6167881,19662.6167881,4867.93362671,37492.8320491,53.8701829811,13.3368044567,102.720087806,True,True,False
SA1,IL_minus_Cstar,28,2000,20662.6167881,18662.6167881,3867.93362671,36492.8320491,51.1304569537,10.5970784293,99.9803617783,True,True,False
SA1,IL_minus_Cstar,28,5000,20662.6167881,15662.6167881,867.933626709,33492.8320491,42.9112788715,2.37790034715,91.7611836961,True,True,False
TAS1,S_minus_Cstar,28,0,-7983.61088231,-7983.61088231,-15986.6524437,-1682.21203115,-21.8729065269,-43.7990477911,-4.60880008533,False,False,False
TAS1,S_minus_Cstar,28,1000,-7983.61088231,-8983.61088231,-16986.6524437,-2682.21203115,-24.6126325543,-46.5387738185,-7.34852611273,False,False,False
TAS1,S_minus_Cstar,28,2000,-7983.61088231,-9983.61088231,-17986.6524437,-3682.21203115,-27.3523585817,-49.2784998459,-10.0882521401,False,False,False
TAS1,S_minus_Cstar,28,5000,-7983.61088231,-12983.6108823,-20986.6524437,-6682.21203115,-35.5715366639,-57.497677928,-18.3074302223,False,False,False
TAS1,IL_minus_Cstar,28,0,-5836.72467586,-5836.72467586,-11624.0867129,310.601186406,-15.9910265092,-31.8468129119,0.850962154538,False,False,False
TAS1,IL_minus_Cstar,28,1000,-5836.72467586,-6836.72467586,-12624.0867129,-689.398813594,-18.7307525366,-34.5865389393,-1.88876387286,False,False,False
TAS1,IL_minus_Cstar,28,2000,-5836.72467586,-7836.72467586,-13624.0867129,-1689.39881359,-21.470478564,-37.3262649667,-4.62848990026,False,False,False
TAS1,IL_minus_Cstar,28,5000,-5836.72467586,-10836.7246759,-16624.0867129,-4689.39881359,-29.6896566462,-45.5454430489,-12.8476679824,False,False,False
VIC1,S_minus_Cstar,28,0,-1336.08572534,-1336.08572534,-8672.56974736,4062.14456287,-3.66050883655,-23.7604650612,11.129163186,False,False,False
VIC1,S_minus_Cstar,28,1000,-1336.08572534,-2336.08572534,-9672.56974736,3062.14456287,-6.40023486395,-26.5001910886,8.38943715856,False,False,False
VIC1,S_minus_Cstar,28,2000,-1336.08572534,-3336.08572534,-10672.5697474,2062.14456287,-9.13996089135,-29.239917116,5.64971113116,False,False,False
VIC1,S_minus_Cstar,28,5000,-1336.08572534,-6336.08572534,-13672.5697474,-937.855437125,-17.3591389735,-37.4590951982,-2.56946695103,False,False,False
VIC1,IL_minus_Cstar,28,0,4520.66163612,4520.66163612,1261.35362375,8901.19306307,12.3853743455,3.45576335273,24.3868303098,True,True,False
VIC1,IL_minus_Cstar,28,1000,4520.66163612,3520.66163612,261.353623747,7901.19306307,9.64564831815,0.716037325335,21.6471042824,True,True,False
VIC1,IL_minus_Cstar,28,2000,4520.66163612,2520.66163612,-738.646376253,6901.19306307,6.90592229075,-2.02368870206,18.907378255,True,False,False
VIC1,IL_minus_Cstar,28,5000,4520.66163612,-479.338363876,-3738.64637625,3901.19306307,-1.31325579144,-10.2428667843,10.6882001728,False,False,False
five_assets_sum,S_minus_Cstar,28,0,2195.03709867,2195.03709867,-2333.96809279,7225.70853885,30.0690013517,-31.9721656546,98.9823087513,True,False,False
five_assets_sum,S_minus_Cstar,28,1000,2195.03709867,1195.03709867,-3333.96809279,6225.70853885,16.3703712147,-45.6707957916,85.2836786143,True,False,False
five_assets_sum,S_minus_Cstar,28,2000,2195.03709867,195.037098674,-4333.96809279,5225.70853885,2.67174107773,-59.3694259286,71.5850484773,True,False,False
five_assets_sum,S_minus_Cstar,28,5000,2195.03709867,-2804.96290133,-7333.96809279,2225.70853885,-38.4241493332,-100.46531634,30.4891580664,False,False,False
five_assets_sum,IL_minus_Cstar,28,0,5699.7794,5699.7794,597.10052881,11556.3634549,78.079169863,8.17945929876,158.306348697,True,True,False
five_assets_sum,IL_minus_Cstar,28,1000,5699.7794,4699.7794,-402.89947119,10556.3634549,64.380539726,-5.51917083822,144.60771856,True,False,False
five_assets_sum,IL_minus_Cstar,28,2000,5699.7794,3699.7794,-1402.89947119,9556.36345487,50.681909589,-19.2178009752,130.909088423,True,False,False
five_assets_sum,IL_minus_Cstar,28,5000,5699.7794,699.779399996,-4402.89947119,6556.36345487,9.58601917803,-60.3136913862,89.8131980119,True,False,False
five_assets_equal_capacity_mean,S_minus_Cstar,28,0,2195.03709867,2195.03709867,-2333.96809279,7225.70853885,6.01380027034,-6.39443313092,19.7964617503,True,False,False
five_assets_equal_capacity_mean,S_minus_Cstar,28,1000,2195.03709867,1195.03709867,-3333.96809279,6225.70853885,3.27407424294,-9.13415915832,17.0567357229,True,False,False
five_assets_equal_capacity_mean,S_minus_Cstar,28,2000,2195.03709867,195.037098674,-4333.96809279,5225.70853885,0.534348215545,-11.8738851857,14.3170096955,True,False,False
five_assets_equal_capacity_mean,S_minus_Cstar,28,5000,2195.03709867,-2804.96290133,-7333.96809279,2225.70853885,-7.68482986665,-20.0930632679,6.09783161328,False,False,False
five_assets_equal_capacity_mean,IL_minus_Cstar,28,0,5699.7794,5699.7794,597.10052881,11556.3634549,15.6158339726,1.63589185975,31.6612697394,True,True,False
five_assets_equal_capacity_mean,IL_minus_Cstar,28,1000,5699.7794,4699.7794,-402.89947119,10556.3634549,12.8761079452,-1.10383416764,28.921543712,True,False,False
five_assets_equal_capacity_mean,IL_minus_Cstar,28,2000,5699.7794,3699.7794,-1402.89947119,9556.36345487,10.1363819178,-3.84356019504,26.1818176846,True,False,False
five_assets_equal_capacity_mean,IL_minus_Cstar,28,5000,5699.7794,699.779399996,-4402.89947119,6556.36345487,1.91720383561,-12.0627382772,17.9626396024,True,False,False
