year,scope,contrast,block_days,interior_dates,mean_cash_difference_aud_per_date,ci95_lo,ci95_hi,one_sided_p,two_sided_p,scope_note,holm36_one_sided_same_block,holm36_two_sided_same_block,holm108_one_sided_all_blocks,holm108_two_sided_all_blocks
2024,NSW1,S_minus_Cstar,7,366,32.9471164008,-25.493986396,105.501406045,0.163183681632,0.319568043196,Observed annual interior-date cash; 2026 Jan-Aug; no year-specific endpoint mark; exploratory,1,1,1,1
2024,NSW1,IL_minus_Cstar,7,366,31.7794694346,-1.07533046262,69.9071168262,0.04899510049,0.0776922307769,Observed annual interior-date cash; 2026 Jan-Aug; no year-specific endpoint mark; exploratory,1,1,1,1
2024,QLD1,S_minus_Cstar,7,366,27.113169145,-28.4475100575,90.9138931284,0.186181381862,0.36796320368,Observed annual interior-date cash; 2026 Jan-Aug; no year-specific endpoint mark; exploratory,1,1,1,1
2024,QLD1,IL_minus_Cstar,7,366,27.1343061069,-39.6506701842,95.2097755581,0.204679532047,0.412258774123,Observed annual interior-date cash; 2026 Jan-Aug; no year-specific endpoint mark; exploratory,1,1,1,1
2024,SA1,S_minus_Cstar,7,366,17.107267528,-40.2200300704,70.402443281,0.258374162584,0.517748225177,Observed annual interior-date cash; 2026 Jan-Aug; no year-specific endpoint mark; exploratory,1,1,1,1
2024,SA1,IL_minus_Cstar,7,366,50.1257511555,-5.24341132086,122.01417211,0.0765923407659,0.118388161184,Observed annual interior-date cash; 2026 Jan-Aug; no year-specific endpoint mark; exploratory,1,1,1,1
2024,TAS1,S_minus_Cstar,7,366,-36.6368299636,-59.5161381693,-17.8635124801,0.998400159984,0.001699830017,Observed annual interior-date cash; 2026 Jan-Aug; no year-specific endpoint mark; exploratory,1,0.0611938806119,1,0.183581641836
2024,TAS1,IL_minus_Cstar,7,366,-38.0877040561,-63.5859788775,-13.582644152,0.998300169983,0.002899710029,Observed annual interior-date cash; 2026 Jan-Aug; no year-specific endpoint mark; exploratory,1,0.101489851015,1,0.304469553045
2024,VIC1,S_minus_Cstar,7,366,-21.7920178134,-70.7410442783,6.37329830273,0.847115288471,0.326367363264,Observed annual interior-date cash; 2026 Jan-Aug; no year-specific endpoint mark; exploratory,1,1,1,1
2024,VIC1,IL_minus_Cstar,7,366,7.46650267098,-4.49244718265,17.9636336389,0.0939906009399,0.19298070193,Observed annual interior-date cash; 2026 Jan-Aug; no year-specific endpoint mark; exploratory,1,1,1,1
2024,five_assets_equal_capacity_mean,S_minus_Cstar,7,366,3.74774105937,-20.1896650082,31.3554530745,0.373362663734,0.783421657834,Observed annual interior-date cash; 2026 Jan-Aug; no year-specific endpoint mark; exploratory,1,1,1,1
2024,five_assets_equal_capacity_mean,IL_minus_Cstar,7,366,15.6836650624,-4.08825601646,38.8890358013,0.0834916508349,0.15298470153,Observed annual interior-date cash; 2026 Jan-Aug; no year-specific endpoint mark; exploratory,1,1,1,1
2024,NSW1,S_minus_Cstar,14,366,32.9471164008,-22.3060763355,102.849855087,0.158684131587,0.305369463054,Observed annual interior-date cash; 2026 Jan-Aug; no year-specific endpoint mark; exploratory,1,1,1,1
2024,NSW1,IL_minus_Cstar,14,366,31.7794694346,-2.6316053803,72.0870418819,0.0574942505749,0.0957904209579,Observed annual interior-date cash; 2026 Jan-Aug; no year-specific endpoint mark; exploratory,1,1,1,1
2024,QLD1,S_minus_Cstar,14,366,27.113169145,-30.2597511423,92.0819137507,0.191680831917,0.381461853815,Observed annual interior-date cash; 2026 Jan-Aug; no year-specific endpoint mark; exploratory,1,1,1,1
2024,QLD1,IL_minus_Cstar,14,366,27.1343061069,-43.0021726226,98.8958173126,0.218578142186,0.430756924308,Observed annual interior-date cash; 2026 Jan-Aug; no year-specific endpoint mark; exploratory,1,1,1,1
2024,SA1,S_minus_Cstar,14,366,17.107267528,-41.546507753,75.6625252951,0.274372562744,0.543645635436,Observed annual interior-date cash; 2026 Jan-Aug; no year-specific endpoint mark; exploratory,1,1,1,1
2024,SA1,IL_minus_Cstar,14,366,50.1257511555,-11.4220906622,140.119753402,0.105489451055,0.179782021798,Observed annual interior-date cash; 2026 Jan-Aug; no year-specific endpoint mark; exploratory,1,1,1,1
2024,TAS1,S_minus_Cstar,14,366,-36.6368299636,-60.1147939754,-17.1693955835,0.997700229977,0.002399760024,Observed annual interior-date cash; 2026 Jan-Aug; no year-specific endpoint mark; exploratory,1,0.0863913608639,1,0.254374562544
2024,TAS1,IL_minus_Cstar,14,366,-38.0877040561,-64.1681260039,-13.5588454908,0.996600339966,0.004699530047,Observed annual interior-date cash; 2026 Jan-Aug; no year-specific endpoint mark; exploratory,1,0.164483551645,1,0.488751124888
2024,VIC1,S_minus_Cstar,14,366,-21.7920178134,-69.1664679453,6.17231882707,0.841115888411,0.328467153285,Observed annual interior-date cash; 2026 Jan-Aug; no year-specific endpoint mark; exploratory,1,1,1,1
2024,VIC1,IL_minus_Cstar,14,366,7.46650267098,-2.43297701688,16.5686362584,0.0531946805319,0.121287871213,Observed annual interior-date cash; 2026 Jan-Aug; no year-specific endpoint mark; exploratory,1,1,1,1
2024,five_assets_equal_capacity_mean,S_minus_Cstar,14,366,3.74774105937,-20.1347837903,31.4697770209,0.377362263774,0.777122287771,Observed annual interior-date cash; 2026 Jan-Aug; no year-specific endpoint mark; exploratory,1,1,1,1
2024,five_assets_equal_capacity_mean,IL_minus_Cstar,14,366,15.6836650624,-5.49421804116,41.567492864,0.0997900209979,0.180781921808,Observed annual interior-date cash; 2026 Jan-Aug; no year-specific endpoint mark; exploratory,1,1,1,1
2024,NSW1,S_minus_Cstar,28,366,32.9471164008,-24.2890396253,103.471572748,0.158284171583,0.317868213179,Observed annual interior-date cash; 2026 Jan-Aug; no year-specific endpoint mark; exploratory,1,1,1,1
2024,NSW1,IL_minus_Cstar,28,366,31.7794694346,-4.95433271012,73.2107366661,0.0669933006699,0.116688331167,Observed annual interior-date cash; 2026 Jan-Aug; no year-specific endpoint mark; exploratory,1,1,1,1
2024,QLD1,S_minus_Cstar,28,366,27.113169145,-28.1701968924,88.9112772672,0.182581741826,0.372262773723,Observed annual interior-date cash; 2026 Jan-Aug; no year-specific endpoint mark; exploratory,1,1,1,1
2024,QLD1,IL_minus_Cstar,28,366,27.1343061069,-47.1770053758,100.332567744,0.232776722328,0.461653834617,Observed annual interior-date cash; 2026 Jan-Aug; no year-specific endpoint mark; exploratory,1,1,1,1
2024,SA1,S_minus_Cstar,28,366,17.107267528,-46.948304231,82.8352923075,0.296070392961,0.593840615938,Observed annual interior-date cash; 2026 Jan-Aug; no year-specific endpoint mark; exploratory,1,1,1,1
2024,SA1,IL_minus_Cstar,28,366,50.1257511555,-16.3781181827,153.806316951,0.139286071393,0.260073992601,Observed annual interior-date cash; 2026 Jan-Aug; no year-specific endpoint mark; exploratory,1,1,1,1
2024,TAS1,S_minus_Cstar,28,366,-36.6368299636,-59.8640749708,-17.2000251996,0.998400159984,0.001699830017,Observed annual interior-date cash; 2026 Jan-Aug; no year-specific endpoint mark; exploratory,1,0.0611938806119,1,0.183581641836
2024,TAS1,IL_minus_Cstar,28,366,-38.0877040561,-66.0031595304,-12.3219855995,0.99600039996,0.00559944005599,Observed annual interior-date cash; 2026 Jan-Aug; no year-specific endpoint mark; exploratory,1,0.19598040196,1,0.576742325767
2024,VIC1,S_minus_Cstar,28,366,-21.7920178134,-66.528259796,6.01725821795,0.850814918508,0.316068393161,Observed annual interior-date cash; 2026 Jan-Aug; no year-specific endpoint mark; exploratory,1,1,1,1
2024,VIC1,IL_minus_Cstar,28,366,7.46650267098,-1.48833420545,15.9918073505,0.044295570443,0.0917908209179,Observed annual interior-date cash; 2026 Jan-Aug; no year-specific endpoint mark; exploratory,1,1,1,1
2024,five_assets_equal_capacity_mean,S_minus_Cstar,28,366,3.74774105937,-21.2706900729,32.3589790167,0.37196280372,0.784621537846,Observed annual interior-date cash; 2026 Jan-Aug; no year-specific endpoint mark; exploratory,1,1,1,1
2024,five_assets_equal_capacity_mean,IL_minus_Cstar,28,366,15.6836650624,-7.81893909582,44.9585480172,0.128587141286,0.243375662434,Observed annual interior-date cash; 2026 Jan-Aug; no year-specific endpoint mark; exploratory,1,1,1,1
2025,NSW1,S_minus_Cstar,7,365,14.5563288704,-22.451537209,59.1636958541,0.229377062294,0.488051194881,Observed annual interior-date cash; 2026 Jan-Aug; no year-specific endpoint mark; exploratory,1,1,1,1
2025,NSW1,IL_minus_Cstar,7,365,8.82841235124,-25.8579143347,45.5336403041,0.303169683032,0.626937306269,Observed annual interior-date cash; 2026 Jan-Aug; no year-specific endpoint mark; exploratory,1,1,1,1
2025,QLD1,S_minus_Cstar,7,365,12.5029745313,-21.6132194878,56.6332042764,0.247475252475,0.545245475452,Observed annual interior-date cash; 2026 Jan-Aug; no year-specific endpoint mark; exploratory,1,1,1,1
2025,QLD1,IL_minus_Cstar,7,365,4.71556494424,-19.6849769145,31.796112884,0.342465753425,0.719228077192,Observed annual interior-date cash; 2026 Jan-Aug; no year-specific endpoint mark; exploratory,1,1,1,1
2025,SA1,S_minus_Cstar,7,365,27.3862320234,5.22476273555,55.8121744488,0.028897110289,0.032696730327,Observed annual interior-date cash; 2026 Jan-Aug; no year-specific endpoint mark; exploratory,1,1,1,1
2025,SA1,IL_minus_Cstar,7,365,33.3759695658,6.49812978277,67.4091643052,0.026397360264,0.02899710029,Observed annual interior-date cash; 2026 Jan-Aug; no year-specific endpoint mark; exploratory,0.950304969503,0.985901409859,1,1
2025,TAS1,S_minus_Cstar,7,365,-30.4141646732,-80.2995724585,-0.344466542728,0.917208279172,0.104789521048,Observed annual interior-date cash; 2026 Jan-Aug; no year-specific endpoint mark; exploratory,1,1,1,1
2025,TAS1,IL_minus_Cstar,7,365,-4.19211797911,-25.3348444951,22.7730282857,0.592540745925,0.746225377462,Observed annual interior-date cash; 2026 Jan-Aug; no year-specific endpoint mark; exploratory,1,1,1,1
2025,VIC1,S_minus_Cstar,7,365,10.6996697444,-6.41423139927,34.1890046121,0.156284371563,0.308369163084,Observed annual interior-date cash; 2026 Jan-Aug; no year-specific endpoint mark; exploratory,1,1,1,1
2025,VIC1,IL_minus_Cstar,7,365,22.691189058,1.31628900412,50.7587791398,0.048095190481,0.0618938106189,Observed annual interior-date cash; 2026 Jan-Aug; no year-specific endpoint mark; exploratory,1,1,1,1
2025,five_assets_equal_capacity_mean,S_minus_Cstar,7,365,6.94620809927,-10.1096712098,25.033490785,0.213478652135,0.433856614339,Observed annual interior-date cash; 2026 Jan-Aug; no year-specific endpoint mark; exploratory,1,1,1,1
2025,five_assets_equal_capacity_mean,IL_minus_Cstar,7,365,13.0838035881,-6.52147054452,37.2965057531,0.125287471253,0.245175482452,Observed annual interior-date cash; 2026 Jan-Aug; no year-specific endpoint mark; exploratory,1,1,1,1
2025,NSW1,S_minus_Cstar,14,365,14.5563288704,-22.5132801853,57.8165494799,0.227077292271,0.487451254875,Observed annual interior-date cash; 2026 Jan-Aug; no year-specific endpoint mark; exploratory,1,1,1,1
2025,NSW1,IL_minus_Cstar,14,365,8.82841235124,-25.6781153289,44.4561302649,0.299170082992,0.623237676232,Observed annual interior-date cash; 2026 Jan-Aug; no year-specific endpoint mark; exploratory,1,1,1,1
2025,QLD1,S_minus_Cstar,14,365,12.5029745313,-22.1918475421,56.0146934028,0.246075392461,0.537846215378,Observed annual interior-date cash; 2026 Jan-Aug; no year-specific endpoint mark; exploratory,1,1,1,1
2025,QLD1,IL_minus_Cstar,14,365,4.71556494424,-19.2064474463,31.627055487,0.338766123388,0.712228777122,Observed annual interior-date cash; 2026 Jan-Aug; no year-specific endpoint mark; exploratory,1,1,1,1
2025,SA1,S_minus_Cstar,14,365,27.3862320234,5.37473900436,54.7593295623,0.025097490251,0.027897210279,Observed annual interior-date cash; 2026 Jan-Aug; no year-specific endpoint mark; exploratory,0.903509649035,0.948505149485,1,1
2025,SA1,IL_minus_Cstar,14,365,33.3759695658,5.70677273196,67.4935111913,0.027597240276,0.031696830317,Observed annual interior-date cash; 2026 Jan-Aug; no year-specific endpoint mark; exploratory,0.965903409659,1,1,1
2025,TAS1,S_minus_Cstar,14,365,-30.4141646732,-80.8230460227,-0.504719395513,0.918508149185,0.10198980102,Observed annual interior-date cash; 2026 Jan-Aug; no year-specific endpoint mark; exploratory,1,1,1,1
2025,TAS1,IL_minus_Cstar,14,365,-4.19211797911,-25.1613541601,21.6226668577,0.612238776122,0.721827817218,Observed annual interior-date cash; 2026 Jan-Aug; no year-specific endpoint mark; exploratory,1,1,1,1
2025,VIC1,S_minus_Cstar,14,365,10.6996697444,-5.58493924027,32.4340296697,0.147285271473,0.287271272873,Observed annual interior-date cash; 2026 Jan-Aug; no year-specific endpoint mark; exploratory,1,1,1,1
2025,VIC1,IL_minus_Cstar,14,365,22.691189058,1.60349577814,49.369124473,0.044795520448,0.0548945105489,Observed annual interior-date cash; 2026 Jan-Aug; no year-specific endpoint mark; exploratory,1,1,1,1
2025,five_assets_equal_capacity_mean,S_minus_Cstar,14,365,6.94620809927,-9.55280089145,24.5000460027,0.204679532047,0.426557344266,Observed annual interior-date cash; 2026 Jan-Aug; no year-specific endpoint mark; exploratory,1,1,1,1
2025,five_assets_equal_capacity_mean,IL_minus_Cstar,14,365,13.0838035881,-6.84723241283,37.0196037454,0.130286971303,0.253374662534,Observed annual interior-date cash; 2026 Jan-Aug; no year-specific endpoint mark; exploratory,1,1,1,1
2025,NSW1,S_minus_Cstar,28,365,14.5563288704,-22.1303377439,57.8731312623,0.230176982302,0.472752724728,Observed annual interior-date cash; 2026 Jan-Aug; no year-specific endpoint mark; exploratory,1,1,1,1
2025,NSW1,IL_minus_Cstar,28,365,8.82841235124,-23.6220554959,42.000968881,0.304569543046,0.607639236076,Observed annual interior-date cash; 2026 Jan-Aug; no year-specific endpoint mark; exploratory,1,1,1,1
2025,QLD1,S_minus_Cstar,28,365,12.5029745313,-22.4132877435,55.173443839,0.262473752625,0.542845715428,Observed annual interior-date cash; 2026 Jan-Aug; no year-specific endpoint mark; exploratory,1,1,1,1
2025,QLD1,IL_minus_Cstar,28,365,4.71556494424,-19.6621652413,32.685397915,0.354564543546,0.727927207279,Observed annual interior-date cash; 2026 Jan-Aug; no year-specific endpoint mark; exploratory,1,1,1,1
2025,SA1,S_minus_Cstar,28,365,27.3862320234,4.10026899564,56.220196984,0.030896910309,0.034796520348,Observed annual interior-date cash; 2026 Jan-Aug; no year-specific endpoint mark; exploratory,1,1,1,1
2025,SA1,IL_minus_Cstar,28,365,33.3759695658,3.53215641736,72.129039666,0.041795820418,0.0506949305069,Observed annual interior-date cash; 2026 Jan-Aug; no year-specific endpoint mark; exploratory,1,1,1,1
2025,TAS1,S_minus_Cstar,28,365,-30.4141646732,-78.0809691807,-2.06960020853,0.920407959204,0.0889911008899,Observed annual interior-date cash; 2026 Jan-Aug; no year-specific endpoint mark; exploratory,1,1,1,1
2025,TAS1,IL_minus_Cstar,28,365,-4.19211797911,-26.1680730174,26.5188455305,0.58904109589,0.759724027597,Observed annual interior-date cash; 2026 Jan-Aug; no year-specific endpoint mark; exploratory,1,1,1,1
2025,VIC1,S_minus_Cstar,28,365,10.6996697444,-5.4836477937,31.8737957769,0.135486451355,0.261773822618,Observed annual interior-date cash; 2026 Jan-Aug; no year-specific endpoint mark; exploratory,1,1,1,1
2025,VIC1,IL_minus_Cstar,28,365,22.691189058,1.70515425677,50.9780342074,0.0520947905209,0.0605939406059,Observed annual interior-date cash; 2026 Jan-Aug; no year-specific endpoint mark; exploratory,1,1,1,1
2025,five_assets_equal_capacity_mean,S_minus_Cstar,28,365,6.94620809927,-9.44498780178,25.6510667583,0.21897810219,0.440555944406,Observed annual interior-date cash; 2026 Jan-Aug; no year-specific endpoint mark; exploratory,1,1,1,1
2025,five_assets_equal_capacity_mean,IL_minus_Cstar,28,365,13.0838035881,-8.7874429831,40.8390727927,0.15798420158,0.307269273073,Observed annual interior-date cash; 2026 Jan-Aug; no year-specific endpoint mark; exploratory,1,1,1,1
2026,NSW1,S_minus_Cstar,7,242,2.27661682606,-3.02216658072,10.1476948888,0.243175682432,0.541145885411,Observed annual interior-date cash; 2026 Jan-Aug; no year-specific endpoint mark; exploratory,1,1,1,1
2026,NSW1,IL_minus_Cstar,7,242,-8.22797775289,-35.8612873626,8.99802365431,0.750624937506,0.587241275872,Observed annual interior-date cash; 2026 Jan-Aug; no year-specific endpoint mark; exploratory,1,1,1,1
2026,QLD1,S_minus_Cstar,7,242,-0.488570946492,-2.63771572406,1.70291154658,0.669833016698,0.650734926507,Observed annual interior-date cash; 2026 Jan-Aug; no year-specific endpoint mark; exploratory,1,1,1,1
2026,QLD1,IL_minus_Cstar,7,242,0.0649218555211,-9.01076133509,5.88636968443,0.54104589541,0.985601439856,Observed annual interior-date cash; 2026 Jan-Aug; no year-specific endpoint mark; exploratory,1,1,1,1
2026,SA1,S_minus_Cstar,7,242,23.3907575529,-54.9727284262,117.121268254,0.27597240276,0.589941005899,Observed annual interior-date cash; 2026 Jan-Aug; no year-specific endpoint mark; exploratory,1,1,1,1
2026,SA1,IL_minus_Cstar,7,242,101.753059009,17.7379903742,222.451127581,0.046295370463,0.04699530047,Observed annual interior-date cash; 2026 Jan-Aug; no year-specific endpoint mark; exploratory,1,1,1,1
2026,TAS1,S_minus_Cstar,7,242,13.9804831667,-5.34568228884,40.6278322192,0.128487151285,0.237476252375,Observed annual interior-date cash; 2026 Jan-Aug; no year-specific endpoint mark; exploratory,1,1,1,1
2026,TAS1,IL_minus_Cstar,7,242,0.286337418825,-22.7973612259,27.2213404106,0.482751724828,0.981501849815,Observed annual interior-date cash; 2026 Jan-Aug; no year-specific endpoint mark; exploratory,1,1,1,1
2026,VIC1,S_minus_Cstar,7,242,2.23996480549,-3.15319187867,9.62741768728,0.231276872313,0.500949905009,Observed annual interior-date cash; 2026 Jan-Aug; no year-specific endpoint mark; exploratory,1,1,1,1
2026,VIC1,IL_minus_Cstar,7,242,4.61321328664,-1.48483205188,12.259503037,0.102389761024,0.182881711829,Observed annual interior-date cash; 2026 Jan-Aug; no year-specific endpoint mark; exploratory,1,1,1,1
2026,five_assets_equal_capacity_mean,S_minus_Cstar,7,242,8.27985028092,-9.38200371048,30.4111523386,0.197580241976,0.409059094091,Observed annual interior-date cash; 2026 Jan-Aug; no year-specific endpoint mark; exploratory,1,1,1,1
2026,five_assets_equal_capacity_mean,IL_minus_Cstar,7,242,19.6979107634,-0.580401578908,47.3486431989,0.0703929607039,0.100389961004,Observed annual interior-date cash; 2026 Jan-Aug; no year-specific endpoint mark; exploratory,1,1,1,1
2026,NSW1,S_minus_Cstar,14,242,2.27661682606,-2.82355469544,10.0399634157,0.244675532447,0.548745125487,Observed annual interior-date cash; 2026 Jan-Aug; no year-specific endpoint mark; exploratory,1,1,1,1
2026,NSW1,IL_minus_Cstar,14,242,-8.22797775289,-35.7178795911,8.99293128195,0.755224477552,0.582241775822,Observed annual interior-date cash; 2026 Jan-Aug; no year-specific endpoint mark; exploratory,1,1,1,1
2026,QLD1,S_minus_Cstar,14,242,-0.488570946492,-2.6405380473,1.71368473018,0.669833016698,0.649935006499,Observed annual interior-date cash; 2026 Jan-Aug; no year-specific endpoint mark; exploratory,1,1,1,1
2026,QLD1,IL_minus_Cstar,14,242,0.0649218555211,-9.06727505823,5.88150708341,0.536546345365,0.984401559844,Observed annual interior-date cash; 2026 Jan-Aug; no year-specific endpoint mark; exploratory,1,1,1,1
2026,SA1,S_minus_Cstar,14,242,23.3907575529,-52.8825279023,116.7363961,0.272072792721,0.580841915808,Observed annual interior-date cash; 2026 Jan-Aug; no year-specific endpoint mark; exploratory,1,1,1,1
2026,SA1,IL_minus_Cstar,14,242,101.753059009,15.9145504157,215.175421763,0.036896310369,0.037196280372,Observed annual interior-date cash; 2026 Jan-Aug; no year-specific endpoint mark; exploratory,1,1,1,1
2026,TAS1,S_minus_Cstar,14,242,13.9804831667,-5.4780116847,39.5840791786,0.119388061194,0.227377262274,Observed annual interior-date cash; 2026 Jan-Aug; no year-specific endpoint mark; exploratory,1,1,1,1
2026,TAS1,IL_minus_Cstar,14,242,0.286337418825,-18.4923486668,22.4160982032,0.469553044696,0.97700229977,Observed annual interior-date cash; 2026 Jan-Aug; no year-specific endpoint mark; exploratory,1,1,1,1
2026,VIC1,S_minus_Cstar,14,242,2.23996480549,-2.68517597417,9.06266878324,0.219178082192,0.479052094791,Observed annual interior-date cash; 2026 Jan-Aug; no year-specific endpoint mark; exploratory,1,1,1,1
2026,VIC1,IL_minus_Cstar,14,242,4.61321328664,-1.1263387487,12.4021650272,0.10498950105,0.181881811819,Observed annual interior-date cash; 2026 Jan-Aug; no year-specific endpoint mark; exploratory,1,1,1,1
2026,five_assets_equal_capacity_mean,S_minus_Cstar,14,242,8.27985028092,-9.11050018364,29.7529661287,0.192180781922,0.393060693931,Observed annual interior-date cash; 2026 Jan-Aug; no year-specific endpoint mark; exploratory,1,1,1,1
2026,five_assets_equal_capacity_mean,IL_minus_Cstar,14,242,19.6979107634,-0.542323353113,45.565483465,0.0607939206079,0.0924907509249,Observed annual interior-date cash; 2026 Jan-Aug; no year-specific endpoint mark; exploratory,1,1,1,1
2026,NSW1,S_minus_Cstar,28,242,2.27661682606,-2.72527460865,9.93084395889,0.244775522448,0.561343865613,Observed annual interior-date cash; 2026 Jan-Aug; no year-specific endpoint mark; exploratory,1,1,1,1
2026,NSW1,IL_minus_Cstar,28,242,-8.22797775289,-35.0298421885,8.56508377527,0.751724827517,0.57204279572,Observed annual interior-date cash; 2026 Jan-Aug; no year-specific endpoint mark; exploratory,1,1,1,1
2026,QLD1,S_minus_Cstar,28,242,-0.488570946492,-2.80417479447,2.06883772854,0.644435556444,0.69603039696,Observed annual interior-date cash; 2026 Jan-Aug; no year-specific endpoint mark; exploratory,1,1,1,1
2026,QLD1,IL_minus_Cstar,28,242,0.0649218555211,-8.96639682716,6.18506389795,0.531346865313,0.981601839816,Observed annual interior-date cash; 2026 Jan-Aug; no year-specific endpoint mark; exploratory,1,1,1,1
2026,SA1,S_minus_Cstar,28,242,23.3907575529,-47.3423829695,115.210956044,0.255674432557,0.566243375662,Observed annual interior-date cash; 2026 Jan-Aug; no year-specific endpoint mark; exploratory,1,1,1,1
2026,SA1,IL_minus_Cstar,28,242,101.753059009,11.8880966301,219.344344457,0.033296670333,0.033496650335,Observed annual interior-date cash; 2026 Jan-Aug; no year-specific endpoint mark; exploratory,1,1,1,1
2026,TAS1,S_minus_Cstar,28,242,13.9804831667,-5.65208321501,43.2691732846,0.148085191481,0.292470752925,Observed annual interior-date cash; 2026 Jan-Aug; no year-specific endpoint mark; exploratory,1,1,1,1
2026,TAS1,IL_minus_Cstar,28,242,0.286337418825,-15.4434359828,23.0465925602,0.424157584242,0.974202579742,Observed annual interior-date cash; 2026 Jan-Aug; no year-specific endpoint mark; exploratory,1,1,1,1
2026,VIC1,S_minus_Cstar,28,242,2.23996480549,-1.84378859743,8.10944689265,0.199280071993,0.431556844316,Observed annual interior-date cash; 2026 Jan-Aug; no year-specific endpoint mark; exploratory,1,1,1,1
2026,VIC1,IL_minus_Cstar,28,242,4.61321328664,-0.747781876646,12.0004062605,0.0988901109889,0.158184181582,Observed annual interior-date cash; 2026 Jan-Aug; no year-specific endpoint mark; exploratory,1,1,1,1
2026,five_assets_equal_capacity_mean,S_minus_Cstar,28,242,8.27985028092,-8.83856292077,31.2233328042,0.207179282072,0.448755124488,Observed annual interior-date cash; 2026 Jan-Aug; no year-specific endpoint mark; exploratory,1,1,1,1
2026,five_assets_equal_capacity_mean,IL_minus_Cstar,28,242,19.6979107634,0.073995131418,45.9187130427,0.0616938306169,0.0856914308569,Observed annual interior-date cash; 2026 Jan-Aug; no year-specific endpoint mark; exploratory,1,1,1,1
