policy,current_actual_price_band,origins,all12_curve_rmse_for_origins_aud_mwh,fixed_soc_local_reference_regret_aud_per_origin,rolling_net_cash_aud_per_origin,rolling_discharge_mw_mean,rolling_charge_mw_mean,scope
R,negative (<0),3971,1033.80473921,44.904752751,2.1243718478,0.0236764390636,0.291942917415,Current-realized-price retrospective stratum; local regret at fixed SOC differs from sequential rolling cash; no conditioning used to train/select models
R,"ordinary [0,100)",27962,893.391496347,34.3441086215,-2.11821697522,0.0607148653847,0.141176065741,Current-realized-price retrospective stratum; local regret at fixed SOC differs from sequential rolling cash; no conditioning used to train/select models
R,"elevated [100,1000)",14637,1485.91168967,67.7745831565,14.1565557284,0.22877731852,0.07988505237,Current-realized-price retrospective stratum; local regret at fixed SOC differs from sequential rolling cash; no conditioning used to train/select models
R,extreme >=1000,171,6210.71359484,2702.86939051,1074.18932966,0.397568227125,0.081860310443,Current-realized-price retrospective stratum; local regret at fixed SOC differs from sequential rolling cash; no conditioning used to train/select models
Cstar,negative (<0),3971,979.952101441,43.463703216,2.14354576998,0.0150959690408,0.284265394001,Current-realized-price retrospective stratum; local regret at fixed SOC differs from sequential rolling cash; no conditioning used to train/select models
Cstar,"ordinary [0,100)",27962,838.493797599,32.5993899005,-2.01806448136,0.0508109576905,0.129525089143,Current-realized-price retrospective stratum; local regret at fixed SOC differs from sequential rolling cash; no conditioning used to train/select models
Cstar,"elevated [100,1000)",14637,1408.53365586,66.2714330422,14.7722935784,0.218943654465,0.0673916849498,Current-realized-price retrospective stratum; local regret at fixed SOC differs from sequential rolling cash; no conditioning used to train/select models
Cstar,extreme >=1000,171,5918.74955295,2536.67058045,1164.80000562,0.428322044692,0.0584797715229,Current-realized-price retrospective stratum; local regret at fixed SOC differs from sequential rolling cash; no conditioning used to train/select models
Ridge,negative (<0),3971,247.039425801,70.0820679848,0.532484134273,0.00791234798021,0.117651221582,Current-realized-price retrospective stratum; local regret at fixed SOC differs from sequential rolling cash; no conditioning used to train/select models
Ridge,"ordinary [0,100)",27962,285.042988102,50.3695410344,-1.21562638795,0.0224709320708,0.0739966589131,Current-realized-price retrospective stratum; local regret at fixed SOC differs from sequential rolling cash; no conditioning used to train/select models
Ridge,"elevated [100,1000)",14637,513.820911501,109.929903837,9.36666756848,0.125180712119,0.0374099052741,Current-realized-price retrospective stratum; local regret at fixed SOC differs from sequential rolling cash; no conditioning used to train/select models
Ridge,extreme >=1000,171,3729.82362304,3232.53715127,556.46887506,0.444120616068,0.110740309126,Current-realized-price retrospective stratum; local regret at fixed SOC differs from sequential rolling cash; no conditioning used to train/select models
SPO,negative (<0),3971,980.27557308,42.6751519558,2.00852365466,0.0168298994661,0.2800329943,Current-realized-price retrospective stratum; local regret at fixed SOC differs from sequential rolling cash; no conditioning used to train/select models
SPO,"ordinary [0,100)",27962,849.353366804,33.0611904997,-2.09926846465,0.0539702381137,0.135438197606,Current-realized-price retrospective stratum; local regret at fixed SOC differs from sequential rolling cash; no conditioning used to train/select models
SPO,"elevated [100,1000)",14637,1430.58640124,76.7765808731,14.7969093015,0.224415322034,0.0716631438559,Current-realized-price retrospective stratum; local regret at fixed SOC differs from sequential rolling cash; no conditioning used to train/select models
SPO,extreme >=1000,171,6018.28171033,2812.2415287,1123.07346771,0.4223202181,0.0556519145599,Current-realized-price retrospective stratum; local regret at fixed SOC differs from sequential rolling cash; no conditioning used to train/select models
