scope,contrast,block_days,illustrative_positive_margin_aud_per_mw_year,gross_effect_aud_per_mw_year,basic90_lo_aud_per_mw_year,basic90_hi_aud_per_mw_year,lower_one_sided_p,upper_one_sided_p,tost_intersection_p,equivalence_at_alpha05,basic90_strictly_inside_positive_width_band,scope_note
NSW1,S_minus_Cstar,7,1000,6710.21634625,-2635.66630335,14903.132187,0.0814918508149,0.858914108589,0.858914108589,False,False,"Exploratory null-centered circular-block TOST; illustrative symmetric gross-value margin, not an elicited indifference band"
NSW1,S_minus_Cstar,7,2000,6710.21634625,-2635.66630335,14903.132187,0.0615938406159,0.819518048195,0.819518048195,False,False,"Exploratory null-centered circular-block TOST; illustrative symmetric gross-value margin, not an elicited indifference band"
NSW1,S_minus_Cstar,7,5000,6710.21634625,-2635.66630335,14903.132187,0.023197680232,0.647535246475,0.647535246475,False,False,"Exploratory null-centered circular-block TOST; illustrative symmetric gross-value margin, not an elicited indifference band"
NSW1,IL_minus_Cstar,7,1000,4798.88336957,-1369.39039963,10782.5085514,0.0599940005999,0.848215178482,0.848215178482,False,False,"Exploratory null-centered circular-block TOST; illustrative symmetric gross-value margin, not an elicited indifference band"
NSW1,IL_minus_Cstar,7,2000,4798.88336957,-1369.39039963,10782.5085514,0.035896410359,0.779622037796,0.779622037796,False,False,"Exploratory null-centered circular-block TOST; illustrative symmetric gross-value margin, not an elicited indifference band"
NSW1,IL_minus_Cstar,7,5000,4798.88336957,-1369.39039963,10782.5085514,0.00519948005199,0.488651134887,0.488651134887,False,False,"Exploratory null-centered circular-block TOST; illustrative symmetric gross-value margin, not an elicited indifference band"
QLD1,S_minus_Cstar,7,1000,5377.92668966,-3155.961226,13232.2075208,0.105289471053,0.814518548145,0.814518548145,False,False,"Exploratory null-centered circular-block TOST; illustrative symmetric gross-value margin, not an elicited indifference band"
QLD1,S_minus_Cstar,7,2000,5377.92668966,-3155.961226,13232.2075208,0.0759924007599,0.757924207579,0.757924207579,False,False,"Exploratory null-centered circular-block TOST; illustrative symmetric gross-value margin, not an elicited indifference band"
QLD1,S_minus_Cstar,7,5000,5377.92668966,-3155.961226,13232.2075208,0.024097590241,0.546645335466,0.546645335466,False,False,"Exploratory null-centered circular-block TOST; illustrative symmetric gross-value margin, not an elicited indifference band"
QLD1,IL_minus_Cstar,7,1000,4353.45988205,-3962.6681434,12770.8989419,0.137686231377,0.755524447555,0.755524447555,False,False,"Exploratory null-centered circular-block TOST; illustrative symmetric gross-value margin, not an elicited indifference band"
QLD1,IL_minus_Cstar,7,2000,4353.45988205,-3962.6681434,12770.8989419,0.0999900009999,0.688431156884,0.688431156884,False,False,"Exploratory null-centered circular-block TOST; illustrative symmetric gross-value margin, not an elicited indifference band"
QLD1,IL_minus_Cstar,7,5000,4353.45988205,-3962.6681434,12770.8989419,0.034596540346,0.449755024498,0.449755024498,False,False,"Exploratory null-centered circular-block TOST; illustrative symmetric gross-value margin, not an elicited indifference band"
SA1,S_minus_Cstar,7,1000,8206.73906512,-1633.16299152,17634.2811935,0.0616938306169,0.891210878912,0.891210878912,False,False,"Exploratory null-centered circular-block TOST; illustrative symmetric gross-value margin, not an elicited indifference band"
SA1,S_minus_Cstar,7,2000,8206.73906512,-1633.16299152,17634.2811935,0.044195580442,0.85901409859,0.85901409859,False,False,"Exploratory null-centered circular-block TOST; illustrative symmetric gross-value margin, not an elicited indifference band"
SA1,S_minus_Cstar,7,5000,8206.73906512,-1633.16299152,17634.2811935,0.014698530147,0.709529047095,0.709529047095,False,False,"Exploratory null-centered circular-block TOST; illustrative symmetric gross-value margin, not an elicited indifference band"
SA1,IL_minus_Cstar,7,1000,20662.6167881,8429.4773029,31210.2937616,0.003899610039,0.993900609939,0.993900609939,False,False,"Exploratory null-centered circular-block TOST; illustrative symmetric gross-value margin, not an elicited indifference band"
SA1,IL_minus_Cstar,7,2000,20662.6167881,8429.4773029,31210.2937616,0.002799720028,0.992100789921,0.992100789921,False,False,"Exploratory null-centered circular-block TOST; illustrative symmetric gross-value margin, not an elicited indifference band"
SA1,IL_minus_Cstar,7,5000,20662.6167881,8429.4773029,31210.2937616,0.000799920007999,0.979602039796,0.979602039796,False,False,"Exploratory null-centered circular-block TOST; illustrative symmetric gross-value margin, not an elicited indifference band"
TAS1,S_minus_Cstar,7,1000,-7983.61088231,-13241.1355916,-1388.21426639,0.958904109589,0.01599840016,0.958904109589,False,False,"Exploratory null-centered circular-block TOST; illustrative symmetric gross-value margin, not an elicited indifference band"
TAS1,S_minus_Cstar,7,2000,-7983.61088231,-13241.1355916,-1388.21426639,0.936206379362,0.00899910008999,0.936206379362,False,False,"Exploratory null-centered circular-block TOST; illustrative symmetric gross-value margin, not an elicited indifference band"
TAS1,S_minus_Cstar,7,5000,-7983.61088231,-13241.1355916,-1388.21426639,0.801219878012,0.001299870013,0.801219878012,False,False,"Exploratory null-centered circular-block TOST; illustrative symmetric gross-value margin, not an elicited indifference band"
TAS1,IL_minus_Cstar,7,1000,-5836.72467586,-10476.6504154,-1363.27791972,0.961203879612,0.00669933006699,0.961203879612,False,False,"Exploratory null-centered circular-block TOST; illustrative symmetric gross-value margin, not an elicited indifference band"
TAS1,IL_minus_Cstar,7,2000,-5836.72467586,-10476.6504154,-1363.27791972,0.919808019198,0.001699830017,0.919808019198,False,False,"Exploratory null-centered circular-block TOST; illustrative symmetric gross-value margin, not an elicited indifference band"
TAS1,IL_minus_Cstar,7,5000,-5836.72467586,-10476.6504154,-1363.27791972,0.609539046095,9.99900009999e-05,0.609539046095,False,False,"Exploratory null-centered circular-block TOST; illustrative symmetric gross-value margin, not an elicited indifference band"
VIC1,S_minus_Cstar,7,1000,-1336.08572534,-6058.11613534,4845.03502204,0.576742325767,0.231176882312,0.576742325767,False,False,"Exploratory null-centered circular-block TOST; illustrative symmetric gross-value margin, not an elicited indifference band"
VIC1,S_minus_Cstar,7,2000,-1336.08572534,-6058.11613534,4845.03502204,0.45895410459,0.16298370163,0.45895410459,False,False,"Exploratory null-centered circular-block TOST; illustrative symmetric gross-value margin, not an elicited indifference band"
VIC1,S_minus_Cstar,7,5000,-1336.08572534,-6058.11613534,4845.03502204,0.110788921108,0.04599540046,0.110788921108,False,False,"Exploratory null-centered circular-block TOST; illustrative symmetric gross-value margin, not an elicited indifference band"
VIC1,IL_minus_Cstar,7,1000,4520.66163612,1055.85425495,7537.7640838,0.00729927007299,0.952604739526,0.952604739526,False,False,"Exploratory null-centered circular-block TOST; illustrative symmetric gross-value margin, not an elicited indifference band"
VIC1,IL_minus_Cstar,7,2000,4520.66163612,1055.85425495,7537.7640838,0.002599740026,0.895110488951,0.895110488951,False,False,"Exploratory null-centered circular-block TOST; illustrative symmetric gross-value margin, not an elicited indifference band"
VIC1,IL_minus_Cstar,7,5000,4520.66163612,1055.85425495,7537.7640838,0.000199980002,0.432156784322,0.432156784322,False,False,"Exploratory null-centered circular-block TOST; illustrative symmetric gross-value margin, not an elicited indifference band"
five_assets_sum,S_minus_Cstar,7,1000,2195.03709867,-1824.66396026,5947.55730004,0.0928907109289,0.703929607039,0.703929607039,False,False,"Exploratory null-centered circular-block TOST; illustrative symmetric gross-value margin, not an elicited indifference band"
five_assets_sum,S_minus_Cstar,7,2000,2195.03709867,-1824.66396026,5947.55730004,0.044195580442,0.551944805519,0.551944805519,False,False,"Exploratory null-centered circular-block TOST; illustrative symmetric gross-value margin, not an elicited indifference band"
five_assets_sum,S_minus_Cstar,7,5000,2195.03709867,-1824.66396026,5947.55730004,0.002899710029,0.113688631137,0.113688631137,False,False,"Exploratory null-centered circular-block TOST; illustrative symmetric gross-value margin, not an elicited indifference band"
five_assets_sum,IL_minus_Cstar,7,1000,5699.7794,1651.75583086,9539.21239374,0.00649935006499,0.9700029997,0.9700029997,False,False,"Exploratory null-centered circular-block TOST; illustrative symmetric gross-value margin, not an elicited indifference band"
five_assets_sum,IL_minus_Cstar,7,2000,5699.7794,1651.75583086,9539.21239374,0.002899710029,0.93200679932,0.93200679932,False,False,"Exploratory null-centered circular-block TOST; illustrative symmetric gross-value margin, not an elicited indifference band"
five_assets_sum,IL_minus_Cstar,7,5000,5699.7794,1651.75583086,9539.21239374,0.000199980002,0.619938006199,0.619938006199,False,False,"Exploratory null-centered circular-block TOST; illustrative symmetric gross-value margin, not an elicited indifference band"
five_assets_equal_capacity_mean,S_minus_Cstar,7,1000,2195.03709867,-1824.66396026,5947.55730004,0.0928907109289,0.703929607039,0.703929607039,False,False,"Exploratory null-centered circular-block TOST; illustrative symmetric gross-value margin, not an elicited indifference band"
five_assets_equal_capacity_mean,S_minus_Cstar,7,2000,2195.03709867,-1824.66396026,5947.55730004,0.044195580442,0.551944805519,0.551944805519,False,False,"Exploratory null-centered circular-block TOST; illustrative symmetric gross-value margin, not an elicited indifference band"
five_assets_equal_capacity_mean,S_minus_Cstar,7,5000,2195.03709867,-1824.66396026,5947.55730004,0.002899710029,0.113688631137,0.113688631137,False,False,"Exploratory null-centered circular-block TOST; illustrative symmetric gross-value margin, not an elicited indifference band"
five_assets_equal_capacity_mean,IL_minus_Cstar,7,1000,5699.7794,1651.75583086,9539.21239374,0.00649935006499,0.9700029997,0.9700029997,False,False,"Exploratory null-centered circular-block TOST; illustrative symmetric gross-value margin, not an elicited indifference band"
five_assets_equal_capacity_mean,IL_minus_Cstar,7,2000,5699.7794,1651.75583086,9539.21239374,0.002899710029,0.93200679932,0.93200679932,False,False,"Exploratory null-centered circular-block TOST; illustrative symmetric gross-value margin, not an elicited indifference band"
five_assets_equal_capacity_mean,IL_minus_Cstar,7,5000,5699.7794,1651.75583086,9539.21239374,0.000199980002,0.619938006199,0.619938006199,False,False,"Exploratory null-centered circular-block TOST; illustrative symmetric gross-value margin, not an elicited indifference band"
NSW1,S_minus_Cstar,14,1000,6710.21634625,-2370.46998708,14787.7214149,0.0808919108089,0.855214478552,0.855214478552,False,False,"Exploratory null-centered circular-block TOST; illustrative symmetric gross-value margin, not an elicited indifference band"
NSW1,S_minus_Cstar,14,2000,6710.21634625,-2370.46998708,14787.7214149,0.0564943505649,0.812318768123,0.812318768123,False,False,"Exploratory null-centered circular-block TOST; illustrative symmetric gross-value margin, not an elicited indifference band"
NSW1,S_minus_Cstar,14,5000,6710.21634625,-2370.46998708,14787.7214149,0.0199980002,0.635736426357,0.635736426357,False,False,"Exploratory null-centered circular-block TOST; illustrative symmetric gross-value margin, not an elicited indifference band"
NSW1,IL_minus_Cstar,14,1000,4798.88336957,-1611.53173264,10883.7895415,0.0681931806819,0.833416658334,0.833416658334,False,False,"Exploratory null-centered circular-block TOST; illustrative symmetric gross-value margin, not an elicited indifference band"
NSW1,IL_minus_Cstar,14,2000,4798.88336957,-1611.53173264,10883.7895415,0.040195980402,0.761623837616,0.761623837616,False,False,"Exploratory null-centered circular-block TOST; illustrative symmetric gross-value margin, not an elicited indifference band"
NSW1,IL_minus_Cstar,14,5000,4798.88336957,-1611.53173264,10883.7895415,0.00669933006699,0.477452254775,0.477452254775,False,False,"Exploratory null-centered circular-block TOST; illustrative symmetric gross-value margin, not an elicited indifference band"
QLD1,S_minus_Cstar,14,1000,5377.92668966,-3431.39890958,13331.5830699,0.106389361064,0.8100189981,0.8100189981,False,False,"Exploratory null-centered circular-block TOST; illustrative symmetric gross-value margin, not an elicited indifference band"
QLD1,S_minus_Cstar,14,2000,5377.92668966,-3431.39890958,13331.5830699,0.0801919808019,0.75602439756,0.75602439756,False,False,"Exploratory null-centered circular-block TOST; illustrative symmetric gross-value margin, not an elicited indifference band"
QLD1,S_minus_Cstar,14,5000,5377.92668966,-3431.39890958,13331.5830699,0.02799720028,0.549545045495,0.549545045495,False,False,"Exploratory null-centered circular-block TOST; illustrative symmetric gross-value margin, not an elicited indifference band"
QLD1,IL_minus_Cstar,14,1000,4353.45988205,-4317.93779583,13067.5359034,0.149085091491,0.741125887411,0.741125887411,False,False,"Exploratory null-centered circular-block TOST; illustrative symmetric gross-value margin, not an elicited indifference band"
QLD1,IL_minus_Cstar,14,2000,4353.45988205,-4317.93779583,13067.5359034,0.110388961104,0.673532646735,0.673532646735,False,False,"Exploratory null-centered circular-block TOST; illustrative symmetric gross-value margin, not an elicited indifference band"
QLD1,IL_minus_Cstar,14,5000,4353.45988205,-4317.93779583,13067.5359034,0.036396360364,0.453454654535,0.453454654535,False,False,"Exploratory null-centered circular-block TOST; illustrative symmetric gross-value margin, not an elicited indifference band"
SA1,S_minus_Cstar,14,1000,8206.73906512,-1890.5992985,17613.4808394,0.0664933506649,0.881211878812,0.881211878812,False,False,"Exploratory null-centered circular-block TOST; illustrative symmetric gross-value margin, not an elicited indifference band"
SA1,S_minus_Cstar,14,2000,8206.73906512,-1890.5992985,17613.4808394,0.048295170483,0.849815018498,0.849815018498,False,False,"Exploratory null-centered circular-block TOST; illustrative symmetric gross-value margin, not an elicited indifference band"
SA1,S_minus_Cstar,14,5000,8206.73906512,-1890.5992985,17613.4808394,0.017198280172,0.710728927107,0.710728927107,False,False,"Exploratory null-centered circular-block TOST; illustrative symmetric gross-value margin, not an elicited indifference band"
SA1,IL_minus_Cstar,14,1000,20662.6167881,7050.65877894,32083.5096315,0.00689931006899,0.987701229877,0.987701229877,False,False,"Exploratory null-centered circular-block TOST; illustrative symmetric gross-value margin, not an elicited indifference band"
SA1,IL_minus_Cstar,14,2000,20662.6167881,7050.65877894,32083.5096315,0.00509949005099,0.985101489851,0.985101489851,False,False,"Exploratory null-centered circular-block TOST; illustrative symmetric gross-value margin, not an elicited indifference band"
SA1,IL_minus_Cstar,14,5000,20662.6167881,7050.65877894,32083.5096315,0.002399760024,0.969503049695,0.969503049695,False,False,"Exploratory null-centered circular-block TOST; illustrative symmetric gross-value margin, not an elicited indifference band"
TAS1,S_minus_Cstar,14,1000,-7983.61088231,-13402.3500908,-1268.21350009,0.954904509549,0.01799820018,0.954904509549,False,False,"Exploratory null-centered circular-block TOST; illustrative symmetric gross-value margin, not an elicited indifference band"
TAS1,S_minus_Cstar,14,2000,-7983.61088231,-13402.3500908,-1268.21350009,0.930806919308,0.011098890111,0.930806919308,False,False,"Exploratory null-centered circular-block TOST; illustrative symmetric gross-value margin, not an elicited indifference band"
TAS1,S_minus_Cstar,14,5000,-7983.61088231,-13402.3500908,-1268.21350009,0.792320767923,0.002499750025,0.792320767923,False,False,"Exploratory null-centered circular-block TOST; illustrative symmetric gross-value margin, not an elicited indifference band"
TAS1,IL_minus_Cstar,14,1000,-5836.72467586,-10307.3516543,-1457.30753382,0.967603239676,0.00569943005699,0.967603239676,False,False,"Exploratory null-centered circular-block TOST; illustrative symmetric gross-value margin, not an elicited indifference band"
TAS1,IL_minus_Cstar,14,2000,-5836.72467586,-10307.3516543,-1457.30753382,0.923507649235,0.001799820018,0.923507649235,False,False,"Exploratory null-centered circular-block TOST; illustrative symmetric gross-value margin, not an elicited indifference band"
TAS1,IL_minus_Cstar,14,5000,-5836.72467586,-10307.3516543,-1457.30753382,0.622737726227,9.99900009999e-05,0.622737726227,False,False,"Exploratory null-centered circular-block TOST; illustrative symmetric gross-value margin, not an elicited indifference band"
VIC1,S_minus_Cstar,14,1000,-1336.08572534,-6029.91074995,4565.88853336,0.578142185781,0.220077992201,0.578142185781,False,False,"Exploratory null-centered circular-block TOST; illustrative symmetric gross-value margin, not an elicited indifference band"
VIC1,S_minus_Cstar,14,2000,-1336.08572534,-6029.91074995,4565.88853336,0.455554444556,0.152384761524,0.455554444556,False,False,"Exploratory null-centered circular-block TOST; illustrative symmetric gross-value margin, not an elicited indifference band"
VIC1,S_minus_Cstar,14,5000,-1336.08572534,-6029.91074995,4565.88853336,0.117688231177,0.041595840416,0.117688231177,False,False,"Exploratory null-centered circular-block TOST; illustrative symmetric gross-value margin, not an elicited indifference band"
VIC1,IL_minus_Cstar,14,1000,4520.66163612,1201.2522044,7301.65976262,0.00589941005899,0.956704329567,0.956704329567,False,False,"Exploratory null-centered circular-block TOST; illustrative symmetric gross-value margin, not an elicited indifference band"
VIC1,IL_minus_Cstar,14,2000,4520.66163612,1201.2522044,7301.65976262,0.002099790021,0.901509849015,0.901509849015,False,False,"Exploratory null-centered circular-block TOST; illustrative symmetric gross-value margin, not an elicited indifference band"
VIC1,IL_minus_Cstar,14,5000,4520.66163612,1201.2522044,7301.65976262,9.99900009999e-05,0.421557844216,0.421557844216,False,False,"Exploratory null-centered circular-block TOST; illustrative symmetric gross-value margin, not an elicited indifference band"
five_assets_sum,S_minus_Cstar,14,1000,2195.03709867,-1775.20195681,5887.53871262,0.0915908409159,0.701129887011,0.701129887011,False,False,"Exploratory null-centered circular-block TOST; illustrative symmetric gross-value margin, not an elicited indifference band"
five_assets_sum,S_minus_Cstar,14,2000,2195.03709867,-1775.20195681,5887.53871262,0.042595740426,0.5400459954,0.5400459954,False,False,"Exploratory null-centered circular-block TOST; illustrative symmetric gross-value margin, not an elicited indifference band"
five_assets_sum,S_minus_Cstar,14,5000,2195.03709867,-1775.20195681,5887.53871262,0.002199780022,0.111388861114,0.111388861114,False,False,"Exploratory null-centered circular-block TOST; illustrative symmetric gross-value margin, not an elicited indifference band"
five_assets_sum,IL_minus_Cstar,14,1000,5699.7794,1405.02120525,9638.60862585,0.00799920007999,0.963303669633,0.963303669633,False,False,"Exploratory null-centered circular-block TOST; illustrative symmetric gross-value margin, not an elicited indifference band"
five_assets_sum,IL_minus_Cstar,14,2000,5699.7794,1405.02120525,9638.60862585,0.002899710029,0.921407859214,0.921407859214,False,False,"Exploratory null-centered circular-block TOST; illustrative symmetric gross-value margin, not an elicited indifference band"
five_assets_sum,IL_minus_Cstar,14,5000,5699.7794,1405.02120525,9638.60862585,0.000199980002,0.615838416158,0.615838416158,False,False,"Exploratory null-centered circular-block TOST; illustrative symmetric gross-value margin, not an elicited indifference band"
five_assets_equal_capacity_mean,S_minus_Cstar,14,1000,2195.03709867,-1775.20195681,5887.53871262,0.0915908409159,0.701129887011,0.701129887011,False,False,"Exploratory null-centered circular-block TOST; illustrative symmetric gross-value margin, not an elicited indifference band"
five_assets_equal_capacity_mean,S_minus_Cstar,14,2000,2195.03709867,-1775.20195681,5887.53871262,0.042595740426,0.5400459954,0.5400459954,False,False,"Exploratory null-centered circular-block TOST; illustrative symmetric gross-value margin, not an elicited indifference band"
five_assets_equal_capacity_mean,S_minus_Cstar,14,5000,2195.03709867,-1775.20195681,5887.53871262,0.002199780022,0.111388861114,0.111388861114,False,False,"Exploratory null-centered circular-block TOST; illustrative symmetric gross-value margin, not an elicited indifference band"
five_assets_equal_capacity_mean,IL_minus_Cstar,14,1000,5699.7794,1405.02120525,9638.60862585,0.00799920007999,0.963303669633,0.963303669633,False,False,"Exploratory null-centered circular-block TOST; illustrative symmetric gross-value margin, not an elicited indifference band"
five_assets_equal_capacity_mean,IL_minus_Cstar,14,2000,5699.7794,1405.02120525,9638.60862585,0.002899710029,0.921407859214,0.921407859214,False,False,"Exploratory null-centered circular-block TOST; illustrative symmetric gross-value margin, not an elicited indifference band"
five_assets_equal_capacity_mean,IL_minus_Cstar,14,5000,5699.7794,1405.02120525,9638.60862585,0.000199980002,0.615838416158,0.615838416158,False,False,"Exploratory null-centered circular-block TOST; illustrative symmetric gross-value margin, not an elicited indifference band"
NSW1,S_minus_Cstar,28,1000,6710.21634625,-2770.25315847,14944.06538,0.0897910208979,0.847715228477,0.847715228477,False,False,"Exploratory null-centered circular-block TOST; illustrative symmetric gross-value margin, not an elicited indifference band"
NSW1,S_minus_Cstar,28,2000,6710.21634625,-2770.25315847,14944.06538,0.0656934306569,0.807319268073,0.807319268073,False,False,"Exploratory null-centered circular-block TOST; illustrative symmetric gross-value margin, not an elicited indifference band"
NSW1,S_minus_Cstar,28,5000,6710.21634625,-2770.25315847,14944.06538,0.024097590241,0.646635336466,0.646635336466,False,False,"Exploratory null-centered circular-block TOST; illustrative symmetric gross-value margin, not an elicited indifference band"
NSW1,IL_minus_Cstar,28,1000,4798.88336957,-1773.5679774,10857.4177397,0.0707929207079,0.831616838316,0.831616838316,False,False,"Exploratory null-centered circular-block TOST; illustrative symmetric gross-value margin, not an elicited indifference band"
NSW1,IL_minus_Cstar,28,2000,4798.88336957,-1773.5679774,10857.4177397,0.044495550445,0.761923807619,0.761923807619,False,False,"Exploratory null-centered circular-block TOST; illustrative symmetric gross-value margin, not an elicited indifference band"
NSW1,IL_minus_Cstar,28,5000,4798.88336957,-1773.5679774,10857.4177397,0.00789921007899,0.487751224878,0.487751224878,False,False,"Exploratory null-centered circular-block TOST; illustrative symmetric gross-value margin, not an elicited indifference band"
QLD1,S_minus_Cstar,28,1000,5377.92668966,-3243.47577714,13165.6544374,0.101589841016,0.810518948105,0.810518948105,False,False,"Exploratory null-centered circular-block TOST; illustrative symmetric gross-value margin, not an elicited indifference band"
QLD1,S_minus_Cstar,28,2000,5377.92668966,-3243.47577714,13165.6544374,0.0742925707429,0.757824217578,0.757824217578,False,False,"Exploratory null-centered circular-block TOST; illustrative symmetric gross-value margin, not an elicited indifference band"
QLD1,S_minus_Cstar,28,5000,5377.92668966,-3243.47577714,13165.6544374,0.024497550245,0.542445755424,0.542445755424,False,False,"Exploratory null-centered circular-block TOST; illustrative symmetric gross-value margin, not an elicited indifference band"
QLD1,IL_minus_Cstar,28,1000,4353.45988205,-4654.45308016,13450.4986228,0.163683631637,0.731726827317,0.731726827317,False,False,"Exploratory null-centered circular-block TOST; illustrative symmetric gross-value margin, not an elicited indifference band"
QLD1,IL_minus_Cstar,28,2000,4353.45988205,-4654.45308016,13450.4986228,0.124687531247,0.668333166683,0.668333166683,False,False,"Exploratory null-centered circular-block TOST; illustrative symmetric gross-value margin, not an elicited indifference band"
QLD1,IL_minus_Cstar,28,5000,4353.45988205,-4654.45308016,13450.4986228,0.04599540046,0.449055094491,0.449055094491,False,False,"Exploratory null-centered circular-block TOST; illustrative symmetric gross-value margin, not an elicited indifference band"
SA1,S_minus_Cstar,28,1000,8206.73906512,-2311.81913178,18300.7586162,0.0724927507249,0.875512448755,0.875512448755,False,False,"Exploratory null-centered circular-block TOST; illustrative symmetric gross-value margin, not an elicited indifference band"
SA1,S_minus_Cstar,28,2000,8206.73906512,-2311.81913178,18300.7586162,0.0555944405559,0.840715928407,0.840715928407,False,False,"Exploratory null-centered circular-block TOST; illustrative symmetric gross-value margin, not an elicited indifference band"
SA1,S_minus_Cstar,28,5000,8206.73906512,-2311.81913178,18300.7586162,0.020797920208,0.704629537046,0.704629537046,False,False,"Exploratory null-centered circular-block TOST; illustrative symmetric gross-value margin, not an elicited indifference band"
SA1,IL_minus_Cstar,28,1000,20662.6167881,5922.67236757,33312.0528757,0.010398960104,0.984101589841,0.984101589841,False,False,"Exploratory null-centered circular-block TOST; illustrative symmetric gross-value margin, not an elicited indifference band"
SA1,IL_minus_Cstar,28,2000,20662.6167881,5922.67236757,33312.0528757,0.00889911008899,0.979102089791,0.979102089791,False,False,"Exploratory null-centered circular-block TOST; illustrative symmetric gross-value margin, not an elicited indifference band"
SA1,IL_minus_Cstar,28,5000,20662.6167881,5922.67236757,33312.0528757,0.003199680032,0.960403959604,0.960403959604,False,False,"Exploratory null-centered circular-block TOST; illustrative symmetric gross-value margin, not an elicited indifference band"
TAS1,S_minus_Cstar,28,1000,-7983.61088231,-13511.9530373,-1376.74985141,0.959104089591,0.014898510149,0.959104089591,False,False,"Exploratory null-centered circular-block TOST; illustrative symmetric gross-value margin, not an elicited indifference band"
TAS1,S_minus_Cstar,28,2000,-7983.61088231,-13511.9530373,-1376.74985141,0.932806719328,0.00879912008799,0.932806719328,False,False,"Exploratory null-centered circular-block TOST; illustrative symmetric gross-value margin, not an elicited indifference band"
TAS1,S_minus_Cstar,28,5000,-7983.61088231,-13511.9530373,-1376.74985141,0.794820517948,0.001399860014,0.794820517948,False,False,"Exploratory null-centered circular-block TOST; illustrative symmetric gross-value margin, not an elicited indifference band"
TAS1,IL_minus_Cstar,28,1000,-5836.72467586,-10927.4368632,-1053.48930004,0.951604839516,0.010198980102,0.951604839516,False,False,"Exploratory null-centered circular-block TOST; illustrative symmetric gross-value margin, not an elicited indifference band"
TAS1,IL_minus_Cstar,28,2000,-5836.72467586,-10927.4368632,-1053.48930004,0.900809919008,0.004199580042,0.900809919008,False,False,"Exploratory null-centered circular-block TOST; illustrative symmetric gross-value margin, not an elicited indifference band"
TAS1,IL_minus_Cstar,28,5000,-5836.72467586,-10927.4368632,-1053.48930004,0.607739226077,0.000199980002,0.607739226077,False,False,"Exploratory null-centered circular-block TOST; illustrative symmetric gross-value margin, not an elicited indifference band"
VIC1,S_minus_Cstar,28,1000,-1336.08572534,-5964.97427376,4665.7441396,0.576142385761,0.222277772223,0.576142385761,False,False,"Exploratory null-centered circular-block TOST; illustrative symmetric gross-value margin, not an elicited indifference band"
VIC1,S_minus_Cstar,28,2000,-1336.08572534,-5964.97427376,4665.7441396,0.46295370463,0.154384561544,0.46295370463,False,False,"Exploratory null-centered circular-block TOST; illustrative symmetric gross-value margin, not an elicited indifference band"
VIC1,S_minus_Cstar,28,5000,-1336.08572534,-5964.97427376,4665.7441396,0.115288471153,0.041595840416,0.115288471153,False,False,"Exploratory null-centered circular-block TOST; illustrative symmetric gross-value margin, not an elicited indifference band"
VIC1,IL_minus_Cstar,28,1000,4520.66163612,980.114026708,7388.96703116,0.00759924007599,0.949305069493,0.949305069493,False,False,"Exploratory null-centered circular-block TOST; illustrative symmetric gross-value margin, not an elicited indifference band"
VIC1,IL_minus_Cstar,28,2000,4520.66163612,980.114026708,7388.96703116,0.002199780022,0.889611038896,0.889611038896,False,False,"Exploratory null-centered circular-block TOST; illustrative symmetric gross-value margin, not an elicited indifference band"
VIC1,IL_minus_Cstar,28,5000,4520.66163612,980.114026708,7388.96703116,0.000199980002,0.43495650435,0.43495650435,False,False,"Exploratory null-centered circular-block TOST; illustrative symmetric gross-value margin, not an elicited indifference band"
five_assets_sum,S_minus_Cstar,28,1000,2195.03709867,-1972.13761635,6078.11259474,0.101189881012,0.694430556944,0.694430556944,False,False,"Exploratory null-centered circular-block TOST; illustrative symmetric gross-value margin, not an elicited indifference band"
five_assets_sum,S_minus_Cstar,28,2000,2195.03709867,-1972.13761635,6078.11259474,0.049195080492,0.543345665433,0.543345665433,False,False,"Exploratory null-centered circular-block TOST; illustrative symmetric gross-value margin, not an elicited indifference band"
five_assets_sum,S_minus_Cstar,28,5000,2195.03709867,-1972.13761635,6078.11259474,0.003399660034,0.125087491251,0.125087491251,False,False,"Exploratory null-centered circular-block TOST; illustrative symmetric gross-value margin, not an elicited indifference band"
five_assets_sum,IL_minus_Cstar,28,1000,5699.7794,864.962952154,10065.1874474,0.011098890111,0.946305369463,0.946305369463,False,False,"Exploratory null-centered circular-block TOST; illustrative symmetric gross-value margin, not an elicited indifference band"
five_assets_sum,IL_minus_Cstar,28,2000,5699.7794,864.962952154,10065.1874474,0.004699530047,0.899810018998,0.899810018998,False,False,"Exploratory null-centered circular-block TOST; illustrative symmetric gross-value margin, not an elicited indifference band"
five_assets_sum,IL_minus_Cstar,28,5000,5699.7794,864.962952154,10065.1874474,0.000299970003,0.606739326067,0.606739326067,False,False,"Exploratory null-centered circular-block TOST; illustrative symmetric gross-value margin, not an elicited indifference band"
five_assets_equal_capacity_mean,S_minus_Cstar,28,1000,2195.03709867,-1972.13761635,6078.11259474,0.101189881012,0.694430556944,0.694430556944,False,False,"Exploratory null-centered circular-block TOST; illustrative symmetric gross-value margin, not an elicited indifference band"
five_assets_equal_capacity_mean,S_minus_Cstar,28,2000,2195.03709867,-1972.13761635,6078.11259474,0.049195080492,0.543345665433,0.543345665433,False,False,"Exploratory null-centered circular-block TOST; illustrative symmetric gross-value margin, not an elicited indifference band"
five_assets_equal_capacity_mean,S_minus_Cstar,28,5000,2195.03709867,-1972.13761635,6078.11259474,0.003399660034,0.125087491251,0.125087491251,False,False,"Exploratory null-centered circular-block TOST; illustrative symmetric gross-value margin, not an elicited indifference band"
five_assets_equal_capacity_mean,IL_minus_Cstar,28,1000,5699.7794,864.962952154,10065.1874474,0.011098890111,0.946305369463,0.946305369463,False,False,"Exploratory null-centered circular-block TOST; illustrative symmetric gross-value margin, not an elicited indifference band"
five_assets_equal_capacity_mean,IL_minus_Cstar,28,2000,5699.7794,864.962952154,10065.1874474,0.004699530047,0.899810018998,0.899810018998,False,False,"Exploratory null-centered circular-block TOST; illustrative symmetric gross-value margin, not an elicited indifference band"
five_assets_equal_capacity_mean,IL_minus_Cstar,28,5000,5699.7794,864.962952154,10065.1874474,0.000299970003,0.606739326067,0.606739326067,False,False,"Exploratory null-centered circular-block TOST; illustrative symmetric gross-value margin, not an elicited indifference band"
