scope,contrast,block_days,interior_dates,draws,seed,effect_aud_per_nominal_day,ci95_lo,ci95_hi,one_sided_p,two_sided_p,capacity_mw_for_cost,gross_mechanical_aud_per_mw_year,holm_primary_two_p,holm10_one_sided,holm10_two_sided,bh10_one_sided_exploratory,holm30_one_sided_all_blocks,holm30_two_sided_all_blocks
NSW1,S_minus_Cstar,7,973,10000,20261001,18.3841543733,-7.91654157587,49.6999671363,0.10798920108,0.206579342066,1,6710.21634625,,0.693630636936,0.980401959804,0.21597840216,1,1
NSW1,IL_minus_Cstar,7,973,10000,20261001,13.14762567,-6.18061525225,33.5442563708,0.0990900909909,0.196080391961,1,4798.88336957,,0.693630636936,0.980401959804,0.21597840216,1,1
QLD1,S_minus_Cstar,7,973,10000,20261001,14.7340457251,-10.3187709078,42.9762649516,0.140385961404,0.280371962804,1,5377.92668966,,0.701929807019,0.980401959804,0.23397660234,1,1
QLD1,IL_minus_Cstar,7,973,10000,20261001,11.9272873481,-15.4494515102,39.6732640776,0.18698130187,0.37596240376,1,4353.45988205,,0.747925207479,0.980401959804,0.267116145528,1,1
SA1,S_minus_Cstar,7,973,10000,20261001,22.4842166168,-8.15439498555,54.8689319226,0.0803919608039,0.156784321568,1,8206.73906512,,0.643135686431,0.940705929407,0.21597840216,1,1
SA1,IL_minus_Cstar,7,973,10000,20261001,56.6099090085,23.0127799567,97.0447942244,0.00529947005299,0.00529947005299,1,20662.6167881,,0.0529947005299,0.0529947005299,0.0529947005299,0.15898410159,0.15898410159
TAS1,S_minus_Cstar,7,973,10000,20261001,-21.8729065269,-43.8523001288,-5.16008042002,0.974402559744,0.028897110289,1,-7983.61088231,,1,0.231176882312,0.982801719828,1,0.693530646935
TAS1,IL_minus_Cstar,7,973,10000,20261001,-15.9910265092,-30.7131896476,-0.759443444317,0.982801719828,0.037596240376,1,-5836.72467586,,1,0.263173682632,0.982801719828,1,0.751924807519
VIC1,S_minus_Cstar,7,973,10000,20261001,-3.66050883655,-24.5890978367,11.4958113328,0.679932006799,0.693330666933,1,-1336.08572534,,1,0.980401959804,0.849915008499,1,1
VIC1,IL_minus_Cstar,7,973,10000,20261001,12.3853743455,2.87752814832,23.868651984,0.018098190181,0.021597840216,1,4520.66163612,,0.162883711629,0.194380561944,0.0904909509049,0.470552944706,0.561543845615
NSW1,S_minus_Cstar,14,973,10000,20261001,18.3841543733,-7.19671690543,48.5708369265,0.107589241076,0.199180081992,1,6710.21634625,,0.753124687531,0.995900409959,0.221377862214,1,1
NSW1,IL_minus_Cstar,14,973,10000,20261001,13.14762567,-6.72440591373,34.0250601526,0.110688931107,0.212478752125,1,4798.88336957,,0.753124687531,0.995900409959,0.221377862214,1,1
QLD1,S_minus_Cstar,14,973,10000,20261001,14.7340457251,-10.7605502178,43.9793399477,0.145785421458,0.287371262874,1,5377.92668966,,0.753124687531,0.995900409959,0.24297570243,1,1
QLD1,IL_minus_Cstar,14,973,10000,20261001,11.9272873481,-16.9107607528,40.1695755651,0.198080191981,0.397560243976,1,4353.45988205,,0.792320767923,0.995900409959,0.28297170283,1,1
SA1,S_minus_Cstar,14,973,10000,20261001,22.4842166168,-7.91212394977,56.2811277739,0.0897910208979,0.161083891611,1,8206.73906512,,0.718328167183,0.966503349665,0.221377862214,1,1
SA1,IL_minus_Cstar,14,973,10000,20261001,56.6099090085,20.2643430479,102.291011895,0.00919908009199,0.00929907009299,1,20662.6167881,,0.0919908009199,0.0929907009299,0.0819918008199,0.266773322668,0.269673032697
TAS1,S_minus_Cstar,14,973,10000,20261001,-21.8729065269,-44.8450025082,-4.90743837436,0.970902909709,0.032596740326,1,-7983.61088231,,1,0.238376162384,0.986101389861,1,0.693530646935
TAS1,IL_minus_Cstar,14,973,10000,20261001,-15.9910265092,-30.0860418494,-1.38088813129,0.986101389861,0.029797020298,1,-5836.72467586,,1,0.238376162384,0.986101389861,1,0.693530646935
VIC1,S_minus_Cstar,14,973,10000,20261001,-3.66050883655,-23.7832649299,11.3784957079,0.690430956904,0.684131586841,1,-1336.08572534,,1,0.995900409959,0.86303869613,1,1
VIC1,IL_minus_Cstar,14,973,10000,20261001,12.3853743455,3.59393238127,23.5207367976,0.016398360164,0.017698230177,1,4520.66163612,,0.147585241476,0.159284071593,0.0819918008199,0.442755724428,0.477852214779
NSW1,S_minus_Cstar,28,973,10000,20261001,18.3841543733,-7.49349126794,50.0200359855,0.116488351165,0.213878612139,1,6710.21634625,,0.781821817818,1,0.23297670233,1,1
NSW1,IL_minus_Cstar,28,973,10000,20261001,13.14762567,-6.3455561259,34.6144309849,0.111688831117,0.209079092091,1,4798.88336957,,0.781821817818,1,0.23297670233,1,1
QLD1,S_minus_Cstar,28,973,10000,20261001,14.7340457251,-10.1624589437,43.0247001222,0.14198580142,0.27697230277,1,5377.92668966,,0.781821817818,1,0.236643002366,1,1
QLD1,IL_minus_Cstar,28,973,10000,20261001,11.9272873481,-17.7086461741,41.8966391163,0.212478752125,0.42695730427,1,4353.45988205,,0.849915008499,1,0.303541074464,1,1
SA1,S_minus_Cstar,28,973,10000,20261001,22.4842166168,-9.74012318076,57.0270989928,0.0950904909509,0.186181381862,1,8206.73906512,,0.760723927607,1,0.23297670233,1,1
SA1,IL_minus_Cstar,28,973,10000,20261001,56.6099090085,16.0765304841,105.459813833,0.012598740126,0.013698630137,1,20662.6167881,,0.12598740126,0.13698630137,0.11398860114,0.352764723528,0.383561643836
TAS1,S_minus_Cstar,28,973,10000,20261001,-21.8729065269,-43.7990477911,-4.60880008533,0.974802519748,0.031496850315,1,-7983.61088231,,1,0.25197480252,0.975702429757,1,0.693530646935
TAS1,IL_minus_Cstar,28,973,10000,20261001,-15.9910265092,-31.8468129119,0.850962154538,0.975702429757,0.0558944105589,1,-5836.72467586,,1,0.391260873913,0.975702429757,1,1
VIC1,S_minus_Cstar,28,973,10000,20261001,-3.66050883655,-23.7604650612,11.129163186,0.687831216878,0.69303069693,1,-1336.08572534,,1,1,0.859789021098,1,1
VIC1,IL_minus_Cstar,28,973,10000,20261001,12.3853743455,3.45576335273,24.3868303098,0.022797720228,0.023897610239,1,4520.66163612,,0.205179482052,0.215078492151,0.11398860114,0.569943005699,0.597440255974
