scope,contrast,block_days,conditional_bootstrap_se_aud_per_mw_day,observed_aud_per_mw_day,percentile_ci95_width_aud_per_mw_day,basic_ci90_lo_aud_per_mw_day,basic_ci90_hi_aud_per_mw_day,conditional_shift_mde80_alpha0.05_aud_per_mw_year,conditional_shift_mde90_alpha0.05_aud_per_mw_year,conditional_shift_mde80_alpha0.025_aud_per_mw_year,conditional_shift_mde90_alpha0.025_aud_per_mw_year
NSW1,S_minus_Cstar,7,14.6774461999,18.3841543733,57.6165087122,-7.22100357084,40.8304991424,13913.6046721,16016.688653,15997.993681,18101.077662
NSW1,IL_minus_Cstar,7,10.1480447949,13.14762567,39.7248716231,-3.75175451953,29.541119319,9352.74027627,10915.0380401,10629.2367129,12191.5344767
QLD1,S_minus_Cstar,7,13.7229957626,14.7340457251,53.2950358594,-8.64646911234,36.2526233447,12788.536547,14818.6460964,14563.058649,16593.1681984
QLD1,IL_minus_Cstar,7,13.820392796,11.9272873481,55.1227155878,-10.8566250504,34.9887642244,12488.2533707,14678.0675137,14299.4068516,16489.2209946
SA1,S_minus_Cstar,7,16.0472485185,22.4842166168,63.0233269081,-4.47441915484,48.3130991602,14646.2061246,17192.1012462,16626.7251546,19172.6202761
SA1,IL_minus_Cstar,7,19.0830269553,56.6099090085,74.0320142677,23.0944583641,85.5076541415,18157.9505187,20863.4362135,20683.5441373,23389.0298322
TAS1,S_minus_Cstar,7,9.98107054185,-21.8729065269,38.6922197088,-36.2770838127,-3.80332675724,8230.61477409,10194.2808597,9073.27159377,11036.9376794
TAS1,IL_minus_Cstar,7,7.62176312237,-15.9910265092,29.9537462033,-28.7031518231,-3.73500799923,7004.52068178,8180.30646624,7924.12276089,9099.90854535
VIC1,S_minus_Cstar,7,9.18380430131,-3.66050883655,36.0849091696,-16.597578453,13.2740685535,7484.6857088,9257.28601599,8294.71216063,10067.3124678
VIC1,IL_minus_Cstar,7,5.40162709016,12.3853743455,20.9911238356,2.89275138342,20.6514084488,5166.56304352,5918.09682058,5893.15200037,6644.68577742
five_assets_sum,S_minus_Cstar,7,6.5135618911,6.01380027034,25.480351321,-4.99907934318,16.2946775344,6031.34372628,7003.92419025,6869.43037964,7842.01084361
five_assets_sum,IL_minus_Cstar,7,6.67179722678,15.6158339726,25.798687383,4.5253584407,26.134828476,6120.267786,7152.39621909,7023.76750713,8055.89594021
five_assets_equal_capacity_mean,S_minus_Cstar,7,6.5135618911,6.01380027034,25.480351321,-4.99907934318,16.2946775344,6031.34372628,7003.92419025,6869.43037964,7842.01084361
five_assets_equal_capacity_mean,IL_minus_Cstar,7,6.67179722678,15.6158339726,25.798687383,4.5253584407,26.134828476,6120.267786,7152.39621909,7023.76750713,8055.89594021
NSW1,S_minus_Cstar,14,14.4120916331,18.3841543733,55.7675538319,-6.49443832077,40.5143052462,13555.028398,15556.3050283,15492.4811966,17493.7578269
NSW1,IL_minus_Cstar,14,10.4826097939,13.14762567,40.7494660663,-4.41515543188,29.8186014834,9573.39806504,11249.9641458,10783.246549,12459.8126297
QLD1,S_minus_Cstar,14,13.9661875362,14.7340457251,54.7398901655,-9.40109290295,36.524885123,13096.6093511,15181.858376,14961.8161431,17047.065168
QLD1,IL_minus_Cstar,14,14.5227784124,11.9272873481,57.0803363178,-11.8299665639,35.8014682285,13017.0593077,15343.9572394,14654.096829,16980.9947607
SA1,S_minus_Cstar,14,16.2130160263,22.4842166168,64.1932517237,-5.17972410547,48.2561118887,14846.5730519,17318.0917637,17085.1072607,19556.6259725
SA1,IL_minus_Cstar,14,20.9797430463,56.6099090085,82.0266688468,19.316873367,87.9000263877,20102.6134814,22825.6630643,23164.2580257,25887.3076086
TAS1,S_minus_Cstar,14,10.2916385006,-21.8729065269,39.9375641338,-36.7187673719,-3.4745575345,8515.54693032,10461.1514873,9289.20359756,11234.8081546
TAS1,IL_minus_Cstar,14,7.37185978469,-15.9910265092,28.7051537181,-28.2393196007,-3.99262338032,6719.81935727,7907.90001899,7581.89288681,8769.97354854
VIC1,S_minus_Cstar,14,8.93226809422,-3.66050883655,35.1617606378,-16.5203034245,12.5092836531,7315.34802769,9017.53042571,8110.75966182,9812.94205984
VIC1,IL_minus_Cstar,14,5.13904529905,12.3853743455,19.9268044163,3.29110192986,20.0045472948,4915.8821546,5579.97138544,5660.88001788,6324.96924872
five_assets_sum,S_minus_Cstar,14,6.40811757833,6.01380027034,25.1596993051,-4.86356700497,16.1302430483,5918.23136411,6905.03453954,6832.04755718,7818.85073261
five_assets_sum,IL_minus_Cstar,14,6.93051126145,15.6158339726,26.9849379856,3.84937316507,26.4071469201,6434.61502215,7429.97196714,7398.89260412,8394.24954911
five_assets_equal_capacity_mean,S_minus_Cstar,14,6.40811757833,6.01380027034,25.1596993051,-4.86356700497,16.1302430483,5918.23136411,6905.03453954,6832.04755718,7818.85073261
five_assets_equal_capacity_mean,IL_minus_Cstar,14,6.93051126145,15.6158339726,26.9849379856,3.84937316507,26.4071469201,6434.61502215,7429.97196714,7398.89260412,8394.24954911
NSW1,S_minus_Cstar,28,14.845050194,18.3841543733,57.5135272535,-7.58973468074,40.9426448768,14082.8705413,16105.4255316,16149.497825,18172.0528154
NSW1,IL_minus_Cstar,28,10.5199722407,13.14762567,40.9599871108,-4.85909034905,29.7463499717,9800.43769439,11320.5123315,11063.3702873,12583.4449245
QLD1,S_minus_Cstar,28,13.657641728,14.7340457251,53.187159066,-8.88623500585,36.07028613,12839.2810293,14756.5008178,14543.9674175,16461.187206
QLD1,IL_minus_Cstar,28,15.1730123706,11.9272873481,59.6052852903,-12.751926247,36.8506811583,13629.2158455,16104.7669304,15560.1162787,18035.6673635
SA1,S_minus_Cstar,28,17.1088221406,22.4842166168,66.7672221736,-6.33375104598,50.1390647018,15720.4627409,18410.5477191,17810.0566112,20500.1415894
SA1,IL_minus_Cstar,28,22.9365585402,56.6099090085,89.383283349,16.2264996372,91.2658982895,21913.7734309,25006.8430087,25004.0442714,28097.1138491
TAS1,S_minus_Cstar,28,10.1242483635,-21.8729065269,39.1902477057,-37.0190494173,-3.77191740113,8588.92075224,10545.1674889,9361.97744841,11318.2241851
TAS1,IL_minus_Cstar,28,8.26963607813,-15.9910265092,32.6977750665,-29.9381831868,-2.88627205491,7647.58211955,8914.05135714,8704.19579451,9970.66503209
VIC1,S_minus_Cstar,28,9.03698756522,-3.66050883655,34.8896282472,-16.3423952706,12.7828606564,7264.60720253,9073.05035413,8033.94894233,9842.39209392
VIC1,IL_minus_Cstar,28,5.35453785208,12.3853743455,20.931066957,2.68524390879,20.2437452908,5187.07618997,5886.28950123,6027.0600075,6726.27331875
five_assets_sum,S_minus_Cstar,28,6.72397364285,6.01380027034,26.1908948812,-5.40311675712,16.6523632733,6273.74128305,7271.58444663,7137.2380082,8135.08117178
five_assets_sum,IL_minus_Cstar,28,7.63430766539,15.6158339726,30.0253778796,2.36976151275,27.5758560204,7198.83239889,8298.8465232,8220.60000592,9320.61413024
five_assets_equal_capacity_mean,S_minus_Cstar,28,6.72397364285,6.01380027034,26.1908948812,-5.40311675712,16.6523632733,6273.74128305,7271.58444663,7137.2380082,8135.08117178
five_assets_equal_capacity_mean,IL_minus_Cstar,28,7.63430766539,15.6158339726,30.0253778796,2.36976151275,27.5758560204,7198.83239889,8298.8465232,8220.60000592,9320.61413024
