region,contrast,dates,mean,sd,lag1_sample_correlation,p01,p99,min,max
NSW1,S_minus_Cstar,973,18.4199855214,481.078591996,-0.0564424205294,-453.810742623,880.55566859,-3983.04533827,9139.78506544
NSW1,IL_minus_Cstar,973,13.2194097688,351.704726499,-0.143764258528,-865.89627188,1149.60648666,-3034.48710557,4740.98421705
QLD1,S_minus_Cstar,973,14.7674937738,438.631298931,-0.0313442070888,-239.036600665,180.668525093,-5527.8601833,7031.26412599
QLD1,IL_minus_Cstar,973,11.9918276761,422.387471727,-0.0252137992888,-217.780850513,313.675379622,-6811.33742135,6947.23466268
SA1,S_minus_Cstar,973,22.5259999297,493.484026863,-0.00152313095487,-354.218134613,840.74658093,-7459.06383051,8250.49866113
SA1,IL_minus_Cstar,973,56.6829332935,592.834282187,-0.00275854899213,-350.772237509,1518.96113453,-2632.58388355,10066.9183237
TAS1,S_minus_Cstar,973,-21.7132301604,333.910019205,-0.093398352415,-341.044185681,260.579512046,-8769.82086303,2371.17490815
TAS1,IL_minus_Cstar,973,-15.8282930026,256.33606028,-0.0662749760153,-487.598767728,359.98541609,-2805.66561075,3854.4609436
VIC1,S_minus_Cstar,973,-3.62633872563,302.626371194,-0.0790787865057,-196.805570219,232.148457789,-7669.14547354,3730.49462647
VIC1,IL_minus_Cstar,973,12.4680591975,193.001101301,-0.147605542709,-184.027470736,298.151036438,-1708.46943808,4182.28650733
