arm,history,selected_policy,contrast,block_days,delta_cad_per_day,ci_lower_cad_per_day,ci_upper_cad_per_day
operator_short,sparse_equal,current_smooth_a050,history_minus_raw,7,0.3976709584595248,-2.1837634803098718,2.991793828540869
operator_short,sparse_equal,current_smooth_a050,history_minus_raw,14,0.3976709584595248,-1.8240008239552545,2.6910442584536463
operator_short,sparse_equal,current_smooth_a050,history_minus_raw,28,0.3976709584595248,-1.673131929666563,2.5440066974262603
operator_short,sparse_equal,current_smooth_a050,history_minus_selected_current,7,-0.02237062338305229,-4.100190945262598,5.083347847519134
operator_short,sparse_equal,current_smooth_a050,history_minus_selected_current,14,-0.02237062338305229,-4.076565656994449,4.731055319268234
operator_short,sparse_equal,current_smooth_a050,history_minus_selected_current,28,-0.02237062338305229,-3.818523980520041,4.794770692147645
operator_short,sparse_equal,current_smooth_a050,selected_current_minus_raw,7,0.4200415818425771,-3.709185853084809,4.083508980948721
operator_short,sparse_equal,current_smooth_a050,selected_current_minus_raw,14,0.4200415818425771,-3.8815126066207886,4.249545596220099
operator_short,sparse_equal,current_smooth_a050,selected_current_minus_raw,28,0.4200415818425771,-3.7832179776933,4.16282138853242
operator_short,inverse_lead,current_smooth_a050,history_minus_raw,7,1.1496301389073098,-0.7138012181723759,3.1706852128737992
operator_short,inverse_lead,current_smooth_a050,history_minus_raw,14,1.1496301389073098,-0.5057155499971604,2.9648027937889
operator_short,inverse_lead,current_smooth_a050,history_minus_raw,28,1.1496301389073098,-0.5251311988607834,3.072142367398658
operator_short,inverse_lead,current_smooth_a050,history_minus_selected_current,7,0.7295885570647327,-2.962193757223715,5.1316155028398995
operator_short,inverse_lead,current_smooth_a050,history_minus_selected_current,14,0.7295885570647327,-3.0317239633336115,5.058619422407564
operator_short,inverse_lead,current_smooth_a050,history_minus_selected_current,28,0.7295885570647327,-3.273403875678213,5.24310909308039
operator_short,inverse_lead,current_smooth_a050,selected_current_minus_raw,7,0.4200415818425771,-3.709185853084809,4.083508980948721
operator_short,inverse_lead,current_smooth_a050,selected_current_minus_raw,14,0.4200415818425771,-3.8815126066207886,4.249545596220099
operator_short,inverse_lead,current_smooth_a050,selected_current_minus_raw,28,0.4200415818425771,-3.7832179776933,4.16282138853242
researcher_12h,sparse_equal,current_shrink_a050,history_minus_raw,7,0.1681243446725107,-0.9123270251461798,1.4204495934378665
researcher_12h,sparse_equal,current_shrink_a050,history_minus_raw,14,0.1681243446725107,-0.8793135696264837,1.397651935737209
researcher_12h,sparse_equal,current_shrink_a050,history_minus_raw,28,0.1681243446725107,-0.7660924374990542,1.2489876088581846
researcher_12h,sparse_equal,current_shrink_a050,history_minus_selected_current,7,0.26181145743713685,-2.090057834273401,3.317996240216553
researcher_12h,sparse_equal,current_shrink_a050,history_minus_selected_current,14,0.26181145743713685,-1.8990015013661585,3.1660677847245267
researcher_12h,sparse_equal,current_shrink_a050,history_minus_selected_current,28,0.26181145743713685,-1.6186058849667868,3.09396540799986
researcher_12h,sparse_equal,current_shrink_a050,selected_current_minus_raw,7,-0.09368711276462616,-2.5551299333825686,1.8701980045237367
researcher_12h,sparse_equal,current_shrink_a050,selected_current_minus_raw,14,-0.09368711276462616,-2.444165717908705,1.8293690170855503
researcher_12h,sparse_equal,current_shrink_a050,selected_current_minus_raw,28,-0.09368711276462616,-2.6564601052683727,1.979256829101024
researcher_12h,inverse_lead,current_shrink_a050,history_minus_raw,7,-0.5879564020620975,-1.9039830469979442,0.6981209436097383
researcher_12h,inverse_lead,current_shrink_a050,history_minus_raw,14,-0.5879564020620975,-1.8708106467683583,0.6559354041418308
researcher_12h,inverse_lead,current_shrink_a050,history_minus_raw,28,-0.5879564020620975,-1.8872814553976125,0.6761014206222499
researcher_12h,inverse_lead,current_shrink_a050,history_minus_selected_current,7,-0.4942692892974714,-2.5079298062226254,1.6367234485398066
researcher_12h,inverse_lead,current_shrink_a050,history_minus_selected_current,14,-0.4942692892974714,-2.394497619376986,1.3810503517423987
researcher_12h,inverse_lead,current_shrink_a050,history_minus_selected_current,28,-0.4942692892974714,-2.5301656690660606,1.3854815029088519
researcher_12h,inverse_lead,current_shrink_a050,selected_current_minus_raw,7,-0.09368711276462616,-2.5551299333825686,1.8701980045237367
researcher_12h,inverse_lead,current_shrink_a050,selected_current_minus_raw,14,-0.09368711276462616,-2.444165717908705,1.8293690170855503
researcher_12h,inverse_lead,current_shrink_a050,selected_current_minus_raw,28,-0.09368711276462616,-2.6564601052683727,1.979256829101024
