arm,policy,selected,days,net_value_cad,net_value_cad_per_day,net_cash_cad,endpoint_mark_cad,active_hours
operator_short,raw,False,182.0,818.8119982213839,4.4989670231944165,823.693985127923,-4.8819869065391766,819
operator_short,current_shrink_a025,False,182.0,707.7745507884554,3.8888711581783264,712.656534598041,-4.881983809585656,539
operator_short,current_shrink_a050,False,182.0,803.7114221640153,4.415996825077007,808.5934011633628,-4.881978999347544,274
operator_short,current_smooth_a025,False,182.0,1210.6965266561092,6.65217871789071,1215.5785120607422,-4.881985404633013,709
operator_short,current_smooth_a050,True,182.0,895.2595661167326,4.919008605036992,900.1415494954044,-4.881983378671819,533
operator_short,sparse_equal,False,182.0,891.1881126610174,4.896637981653941,896.0700967049949,-4.881984043977518,799
operator_short,inverse_lead,False,182.0,1028.0446835025143,5.648597162101727,1032.9266684171048,-4.8819849145904675,777
researcher_12h,raw,False,182.0,854.8667844967014,4.69707024448737,824.0403714932977,30.826413003403633,1194
researcher_12h,current_shrink_a025,False,182.0,953.86847695708,5.241035587676264,923.0416015052648,30.82687545181525,1074
researcher_12h,current_shrink_a050,True,182.0,837.81572997354,4.603383131722747,779.9137809998697,57.90194897367027,921
researcher_12h,current_smooth_a025,False,182.0,1157.5400122746446,6.360109957552992,1126.7136032210465,30.82640905359818,1235
researcher_12h,current_smooth_a050,False,182.0,1127.744674931957,6.19639931281295,1096.9180843014353,30.82659063052176,1207
researcher_12h,sparse_equal,False,182.0,885.4654152270987,4.8651945891598825,854.6389793747381,30.826435852360515,1169
researcher_12h,inverse_lead,False,182.0,747.8587193214001,4.109113842425275,697.3691833749937,50.489535946406434,1179
