region,year,S_minus_R,S_minus_Cstar,IL_minus_Cstar,Cstar_minus_R,sparse_absorption,unit,description_only
NSW1,2024,89.290086407,32.9471164008,31.7794694346,56.3429700062,0.631010364906,AUD/interior execution date,True
NSW1,2025,27.8463637022,14.5563288704,8.82841235124,13.2900348318,0.477262847454,AUD/interior execution date,True
NSW1,2026,10.1716968246,2.27661682606,-8.22797775289,7.89507999852,0.776181214863,AUD/interior execution date,True
QLD1,2024,69.0388266812,27.113169145,27.1343061069,41.9256575362,0.607276507317,AUD/interior execution date,True
QLD1,2025,44.3179929762,12.5029745313,4.71556494424,31.8150184449,0.717880398193,AUD/interior execution date,True
QLD1,2026,4.12109259868,-0.488570946492,0.0649218555211,4.60966354517,1.11855374146,AUD/interior execution date,True
SA1,2024,28.5137628625,17.107267528,50.1257511555,11.4064953346,0.400034726723,AUD/interior execution date,True
SA1,2025,28.9763436827,27.3862320234,33.3759695658,1.59011165933,0.0548762009707,AUD/interior execution date,True
SA1,2026,7.75337361896,23.3907575529,101.753059009,-15.6373839339,-2.0168490134,AUD/interior execution date,True
TAS1,2024,-11.0843779334,-36.6368299636,-38.0877040561,25.5524520302,-2.30526712313,AUD/interior execution date,True
TAS1,2025,-7.09163543365,-30.4141646732,-4.19211797911,23.3225292396,-3.28873776124,AUD/interior execution date,True
TAS1,2026,20.0304587018,13.9804831667,0.286337418825,6.04997553513,0.302038791283,AUD/interior execution date,True
VIC1,2024,23.6187544623,-21.7920178134,7.46650267098,45.4107722756,1.9226573674,AUD/interior execution date,True
VIC1,2025,14.2932405567,10.6996697444,22.691189058,3.59357081228,0.251417500323,AUD/interior execution date,True
VIC1,2026,8.5416440343,2.23996480549,4.61321328664,6.30167922881,0.73775952305,AUD/interior execution date,True
