region,year,interior_dates,settlement_intervals,price_mean,price_sd,negative_share,at_least_1000_share,price_p99,price_max,unit,description_only
NSW1,2024,366,17567,131.028747028,601.187540329,0.0730915921899,0.00529401719132,395.373496704,17500,AUD/MWh,True
NSW1,2025,365,17520,103.320843564,384.647257747,0.130650684932,0.00388127853881,333.072897034,13849.0595703,AUD/MWh,True
NSW1,2026,242,11616,75.4101213253,147.717998875,0.0342630853994,0.0008608815427,189.949996185,11862.2998047,AUD/MWh,True
QLD1,2024,366,17567,111.489066164,391.587187052,0.139466044288,0.00387089429043,360.016101074,15637.1796875,AUD/MWh,True
QLD1,2025,365,17520,84.8893275518,285.746667536,0.194634703196,0.00171232876712,282.516807556,14318.5195312,AUD/MWh,True
QLD1,2026,242,11616,65.4489901866,64.0032476691,0.0891873278237,0.00017217630854,177.092996216,5142.41992188,AUD/MWh,True
SA1,2024,366,17567,100.118919925,464.044625871,0.260374565948,0.00438321853475,374.113793335,16704.359375,AUD/MWh,True
SA1,2025,365,17520,86.7317618971,396.791927861,0.304280821918,0.00399543378995,352.048198547,15874.2998047,AUD/MWh,True
SA1,2026,242,11616,86.4393759123,511.381228701,0.221074380165,0.00249655647383,406.712008667,20300,AUD/MWh,True
TAS1,2024,366,17567,95.7792789452,265.656932278,0.0727500426937,0.00142312290089,299.168762817,16600,AUD/MWh,True
TAS1,2025,365,17520,96.0069949711,220.025665694,0.0382420091324,0.00108447488584,255.436296539,12112.4296875,AUD/MWh,True
TAS1,2026,242,11616,83.7244809009,100.1963216,0.0215220385675,0.00060261707989,165.906003571,6835.24023438,AUD/MWh,True
VIC1,2024,366,17567,82.1321191684,353.754068872,0.227471964479,0.00119542323675,309.410133057,16600,AUD/MWh,True
VIC1,2025,365,17520,77.8859616822,329.3126652,0.240753424658,0.00176940639269,299.275691223,14648.7998047,AUD/MWh,True
VIC1,2026,242,11616,53.3697692785,80.6481296312,0.202909779614,0.00034435261708,214.212003326,5756.58007812,AUD/MWh,True
