region,contrast,asset_count,difference_full_value_aud,difference_aud_per_nominal_day,block7_ci_low_aud_per_nominal_day,block7_ci_high_aud_per_nominal_day,mechanical_aud_per_mw_year,mechanical_ci_low_aud_per_mw_year,mechanical_ci_high_aud_per_mw_year,conditional_daily_ci,positive_daily_count,negative_daily_count,annualization_scope,policy_a,policy_b,contrast_scope
NSW1,sparse_equal minus raw,1,45284.00731641438,46.49282065340286,20.5471944992788,80.4522972196107,16969.879538492045,7499.725992236761,29365.088485157907,973 interior paired dates; fixed partial boundaries and common endpoint mark differences,597,376,historical difference mechanically scaled to365 days per1MW; no forecast of future return,,,
QLD1,sparse_equal minus raw,1,42435.36723911163,43.56813884919058,16.02269187585911,78.5228034615228,15902.370679954562,5848.282534688575,28660.823263455823,973 interior paired dates; fixed partial boundaries and common endpoint mark differences,582,391,historical difference mechanically scaled to365 days per1MW; no forecast of future return,,,
SA1,sparse_equal minus raw,1,22875.94568994746,23.486597217605198,-11.226313166708778,60.21392358623541,8572.607984425897,-4097.604305848704,21978.082108975923,973 interior paired dates; fixed partial boundaries and common endpoint mark differences,589,384,historical difference mechanically scaled to365 days per1MW; no forecast of future return,,,
TAS1,sparse_equal minus raw,1,-1816.4151675080502,-1.864902636045226,-13.070019070085522,8.394250473472775,-680.6894621565075,-4770.556960581215,3063.901422817563,973 interior paired dates; fixed partial boundaries and common endpoint mark differences,490,481,historical difference mechanically scaled to365 days per1MW; no forecast of future return,,,
VIC1,sparse_equal minus raw,1,15887.897074496577,16.312009316731597,8.081099327882132,25.962606525624555,5953.883400607033,2949.6012546769784,9476.351381852963,973 interior paired dates; fixed partial boundaries and common endpoint mark differences,567,406,historical difference mechanically scaled to365 days per1MW; no forecast of future return,,,
five_independent_assets_sum,sparse_equal minus raw,5,124666.80215246207,127.99466340088509,61.75197666933623,205.6821070117852,9343.610428264612,4507.894296861545,15014.79381186032,973 interior paired dates; fixed partial boundaries and common endpoint mark differences,605,368,historical difference mechanically scaled to365 days per1MW; no forecast of future return,,,
NSW1,full_equal minus raw,1,43323.43375927792,44.479911457164185,18.86270759647221,73.21323070823586,16235.167681864928,6884.888272712356,26722.829208506086,973 interior paired dates; fixed partial boundaries and common endpoint mark differences,568,405,historical difference mechanically scaled to365 days per1MW; no forecast of future return,,,
QLD1,full_equal minus raw,1,43725.861603110796,44.89308172803983,9.319875663596761,84.39390994762304,16385.97483073454,3401.7546172128177,30803.777130882412,973 interior paired dates; fixed partial boundaries and common endpoint mark differences,609,364,historical difference mechanically scaled to365 days per1MW; no forecast of future return,,,
SA1,full_equal minus raw,1,37128.9943613325,38.12011741409908,8.783547312890787,74.05206142422193,13913.842856146162,3205.9947692051373,27029.002419841006,973 interior paired dates; fixed partial boundaries and common endpoint mark differences,518,455,historical difference mechanically scaled to365 days per1MW; no forecast of future return,,,
TAS1,full_equal minus raw,1,-6928.60739250476,-7.11355995123692,-25.30381365056228,15.034404449865969,-2596.4493822014756,-9235.891982455232,5487.557624201078,973 interior paired dates; fixed partial boundaries and common endpoint mark differences,445,528,historical difference mechanically scaled to365 days per1MW; no forecast of future return,,,
VIC1,full_equal minus raw,1,20269.95482940518,20.811041919307165,8.56487206316215,34.569868149725394,7596.030300547115,3126.178303054185,12618.001874649768,973 interior paired dates; fixed partial boundaries and common endpoint mark differences,575,398,historical difference mechanically scaled to365 days per1MW; no forecast of future return,,,
five_independent_assets_sum,full_equal minus raw,5,137519.63716062182,141.19059256737353,68.45258216963892,224.96464548765033,10306.913257418268,4997.038498383641,16422.419120598475,973 interior paired dates; fixed partial boundaries and common endpoint mark differences,536,437,historical difference mechanically scaled to365 days per1MW; no forecast of future return,,,
NSW1,inverse_lead minus raw,1,40183.62835946656,41.256291950171004,19.955556506398523,64.70757665986905,15058.546561812416,7283.77812483546,23618.265480852202,973 interior paired dates; fixed partial boundaries and common endpoint mark differences,583,390,historical difference mechanically scaled to365 days per1MW; no forecast of future return,,,
QLD1,inverse_lead minus raw,1,39701.58457990782,40.76138047218463,9.497320604028642,74.44943454283833,14877.90387234739,3466.5220204704547,27174.04360813599,973 interior paired dates; fixed partial boundaries and common endpoint mark differences,609,364,historical difference mechanically scaled to365 days per1MW; no forecast of future return,,,
SA1,inverse_lead minus raw,1,56114.37007949926,57.612289609342156,24.44619574119865,99.35844735480754,21028.485707409887,8922.861445537508,36265.83328450475,973 interior paired dates; fixed partial boundaries and common endpoint mark differences,561,412,historical difference mechanically scaled to365 days per1MW; no forecast of future return,,,
TAS1,inverse_lead minus raw,1,3912.5359697004023,4.016977381622589,-13.566465974946325,25.95776581815384,1466.196744292245,-4951.760080855409,9474.584523626152,973 interior paired dates; fixed partial boundaries and common endpoint mark differences,479,493,historical difference mechanically scaled to365 days per1MW; no forecast of future return,,,
VIC1,inverse_lead minus raw,1,31516.587293858873,32.35789249882841,18.06600593233551,51.71833847907228,11810.630762072371,6594.092165302462,18877.19354486138,973 interior paired dates; fixed partial boundaries and common endpoint mark differences,590,383,historical difference mechanically scaled to365 days per1MW; no forecast of future return,,,
five_independent_assets_sum,inverse_lead minus raw,5,171428.70628243312,176.004831912149,104.90002689904861,258.64911965032405,12848.352729586877,7657.701963630549,18881.385734473653,973 interior paired dates; fixed partial boundaries and common endpoint mark differences,585,388,historical difference mechanically scaled to365 days per1MW; no forecast of future return,,,
NSW1,inverse_archive_lead minus raw,1,39760.14754323155,40.82150671789687,19.481823400385363,64.33358134247084,14899.849952032357,7110.865541140657,23481.757190001856,973 interior paired dates; fixed partial boundaries and common endpoint mark differences,584,389,historical difference mechanically scaled to365 days per1MW; no forecast of future return,,,
QLD1,inverse_archive_lead minus raw,1,39668.23511572846,40.72714077590191,9.485864969551074,74.44701942468798,14865.406383204196,3462.3407138861417,27173.162090011112,973 interior paired dates; fixed partial boundaries and common endpoint mark differences,605,368,historical difference mechanically scaled to365 days per1MW; no forecast of future return,,,
SA1,inverse_archive_lead minus raw,1,56130.84768526314,57.629207069058666,24.51475070541674,99.31699906605662,21034.66058020641,8947.88400747711,36250.70465911067,973 interior paired dates; fixed partial boundaries and common endpoint mark differences,562,411,historical difference mechanically scaled to365 days per1MW; no forecast of future return,,,
TAS1,inverse_archive_lead minus raw,1,4104.2705196061725,4.213830102265064,-13.34544885508861,26.190211050974586,1538.0479873267482,-4871.088832107343,9559.427033605723,973 interior paired dates; fixed partial boundaries and common endpoint mark differences,481,491,historical difference mechanically scaled to365 days per1MW; no forecast of future return,,,
VIC1,inverse_archive_lead minus raw,1,31577.862097572826,32.42080297492077,18.08489314388415,51.79794844549326,11833.59308584608,6600.985997517714,18906.25118260504,973 interior paired dates; fixed partial boundaries and common endpoint mark differences,587,386,historical difference mechanically scaled to365 days per1MW; no forecast of future return,,,
five_independent_assets_sum,inverse_archive_lead minus raw,5,171241.36296140216,175.8124876400433,104.68586791674376,258.44946178664975,12834.311597723161,7642.068357922294,18866.81071042543,973 interior paired dates; fixed partial boundaries and common endpoint mark differences,587,386,historical difference mechanically scaled to365 days per1MW; no forecast of future return,,,
NSW1,fresh_c30 sparse_equal minus raw,1,29415.646925008798,30.20086953286324,-6.380325358089943,68.10352240172152,11023.317379495084,-2328.818755702829,24857.785676628355,973 interior paired dates; fixed partial boundaries and common endpoint mark differences,605,368,historical difference mechanically scaled to365 days per1MW; no forecast of future return,,,
QLD1,fresh_c30 sparse_equal minus raw,1,45100.82378431811,46.30474721182558,22.86760002235494,75.75364032988493,16901.232732316337,8346.674008159553,27650.078720408,973 interior paired dates; fixed partial boundaries and common endpoint mark differences,627,346,historical difference mechanically scaled to365 days per1MW; no forecast of future return,,,
SA1,fresh_c30 sparse_equal minus raw,1,38605.21167234093,39.635740936694994,18.344535172699707,62.21036230987213,14467.045441893673,6695.755338035393,22706.782243103327,973 interior paired dates; fixed partial boundaries and common endpoint mark differences,591,382,historical difference mechanically scaled to365 days per1MW; no forecast of future return,,,
TAS1,fresh_c30 sparse_equal minus raw,1,2042.384745896321,2.096904256567065,-13.110519717241383,17.72941883785233,765.3700536469787,-4785.339696793105,6471.2378758161,973 interior paired dates; fixed partial boundaries and common endpoint mark differences,501,470,historical difference mechanically scaled to365 days per1MW; no forecast of future return,,,
VIC1,fresh_c30 sparse_equal minus raw,1,16918.748261447647,17.370378091835367,-4.246020817474734,33.66376022975548,6340.188003519909,-1549.7975983782778,12287.27248386075,973 interior paired dates; fixed partial boundaries and common endpoint mark differences,621,352,historical difference mechanically scaled to365 days per1MW; no forecast of future return,,,
five_independent_assets_sum,fresh_c30 sparse_equal minus raw,5,132082.81538901175,135.6086400297862,69.0046131735401,209.25651630728296,9899.430722174391,5037.336761668427,15275.725690431656,973 interior paired dates; fixed partial boundaries and common endpoint mark differences,621,352,historical difference mechanically scaled to365 days per1MW; no forecast of future return,,,
NSW1,fresh_c30 inverse_lead minus raw,1,23130.683606478036,23.748135119587307,-12.279511574754027,59.58154668178824,8668.069318649366,-4482.02172478522,21747.26453885271,973 interior paired dates; fixed partial boundaries and common endpoint mark differences,609,364,historical difference mechanically scaled to365 days per1MW; no forecast of future return,,,
QLD1,fresh_c30 inverse_lead minus raw,1,43173.33153051371,44.32580239272455,12.263447722018514,78.83141460740437,16178.91787334446,4476.158418536757,28773.466331702595,973 interior paired dates; fixed partial boundaries and common endpoint mark differences,646,327,historical difference mechanically scaled to365 days per1MW; no forecast of future return,,,
SA1,fresh_c30 inverse_lead minus raw,1,58989.29368495778,60.563956555398136,33.73227935344091,91.47357151306905,22105.844142720318,12312.281964005932,33387.8536022702,973 interior paired dates; fixed partial boundaries and common endpoint mark differences,589,384,historical difference mechanically scaled to365 days per1MW; no forecast of future return,,,
TAS1,fresh_c30 inverse_lead minus raw,1,359.7201348935705,0.3693225204246104,-19.332276970753128,21.49839586438708,134.8027199549828,-7056.2810943248915,7846.9144905012845,973 interior paired dates; fixed partial boundaries and common endpoint mark differences,478,493,historical difference mechanically scaled to365 days per1MW; no forecast of future return,,,
VIC1,fresh_c30 inverse_lead minus raw,1,25193.76839981039,25.866291991591776,18.393522737647952,35.13801378559274,9441.196576930999,6713.635799241502,12825.37503174135,973 interior paired dates; fixed partial boundaries and common endpoint mark differences,633,340,historical difference mechanically scaled to365 days per1MW; no forecast of future return,,,
five_independent_assets_sum,fresh_c30 inverse_lead minus raw,5,150846.79735665326,154.87350857972615,90.99717970832364,224.6947035588247,11305.76612632001,6642.794118707626,16402.713359794205,973 interior paired dates; fixed partial boundaries and common endpoint mark differences,603,370,historical difference mechanically scaled to365 days per1MW; no forecast of future return,,,
NSW1,archive lead minus nominal issue lead,1,-423.4808162350091,-0.4347852322741367,-1.90913552109072,0.4978731421617462,-158.6966097800599,-696.8344651981128,181.72369688903737,973 interior paired dates; fixed partial boundaries and common endpoint mark differences,493,480,historical difference mechanically scaled to365 days per1MW; no forecast of future return,,,
QLD1,archive lead minus nominal issue lead,1,-33.349464179365896,-0.034239696282716524,-0.14391369578278806,0.06697946470901295,-12.497489143191531,-52.52849896071764,24.447504618789726,973 interior paired dates; fixed partial boundaries and common endpoint mark differences,468,505,historical difference mechanically scaled to365 days per1MW; no forecast of future return,,,
SA1,archive lead minus nominal issue lead,1,16.477605763881,0.016917459716510267,-0.28286478379917496,0.28350573680112645,6.174872796526247,-103.24564608669886,103.47959393241115,973 interior paired dates; fixed partial boundaries and common endpoint mark differences,504,469,historical difference mechanically scaled to365 days per1MW; no forecast of future return,,,
TAS1,archive lead minus nominal issue lead,1,191.7345499057701,0.19685272064247444,-0.02461772784996228,0.42011361988814666,71.85124303450317,-8.985470665236232,153.34147125917355,973 interior paired dates; fixed partial boundaries and common endpoint mark differences,524,440,historical difference mechanically scaled to365 days per1MW; no forecast of future return,,,
VIC1,archive lead minus nominal issue lead,1,61.27480371395359,0.06291047609235481,-0.08858250450817685,0.21835910156201943,22.962323773709507,-32.33261414548455,79.70107207013709,973 interior paired dates; fixed partial boundaries and common endpoint mark differences,470,503,historical difference mechanically scaled to365 days per1MW; no forecast of future return,,,
five_independent_assets_sum,archive lead minus nominal issue lead,5,-187.3433210309595,-0.1923442721057079,-1.7685672736475866,0.8972659943376928,-14.041131863716677,-129.10541097627382,65.50041758665158,973 interior paired dates; fixed partial boundaries and common endpoint mark differences,521,452,historical difference mechanically scaled to365 days per1MW; no forecast of future return,,,
NSW1,nominal1mwh sparse minus raw,1,23008.36739045236,23.62255378896546,3.53229307746751,48.75178326988449,8622.232132972393,1289.286973275641,17794.40089350784,973 interior paired dates; fixed partial boundaries and common endpoint mark differences,599,374,historical difference mechanically scaled to365 days per1MW; no forecast of future return,,,
QLD1,nominal1mwh sparse minus raw,1,18077.984144121292,18.560558669529048,4.9888821417335665,34.62739284097618,6774.603914378103,1820.9419817327519,12638.998386956306,973 interior paired dates; fixed partial boundaries and common endpoint mark differences,580,393,historical difference mechanically scaled to365 days per1MW; no forecast of future return,,,
SA1,nominal1mwh sparse minus raw,1,19953.778629155946,20.486425697285366,-1.6515086971286521,47.35150870155964,7477.545379509159,-602.800674451958,17283.300676069266,973 interior paired dates; fixed partial boundaries and common endpoint mark differences,593,380,historical difference mechanically scaled to365 days per1MW; no forecast of future return,,,
TAS1,nominal1mwh sparse minus raw,1,-493.02485475074354,-0.5061856824956299,-10.539432499022015,9.271958582914628,-184.7577741109049,-3846.8928621430355,3384.2648827638395,973 interior paired dates; fixed partial boundaries and common endpoint mark differences,500,471,historical difference mechanically scaled to365 days per1MW; no forecast of future return,,,
VIC1,nominal1mwh sparse minus raw,1,12323.770637550988,12.65274192767042,2.9712749912373755,24.58195157412087,4618.250803599703,1084.515371801642,8972.412324554118,973 interior paired dates; fixed partial boundaries and common endpoint mark differences,603,370,historical difference mechanically scaled to365 days per1MW; no forecast of future return,,,
five_independent_assets_sum,nominal1mwh sparse minus raw,5,72870.87594652991,74.81609440095473,28.809992846869612,126.79171456762084,5461.574891269695,2103.129477821482,9255.795163436322,973 interior paired dates; fixed partial boundaries and common endpoint mark differences,618,355,historical difference mechanically scaled to365 days per1MW; no forecast of future return,,,
NSW1,nominal4mwh sparse minus raw,1,43652.72018366121,44.81798786823533,14.030021323648072,81.94744810939521,16358.565571905894,5120.957783131546,29910.818559929252,973 interior paired dates; fixed partial boundaries and common endpoint mark differences,563,410,historical difference mechanically scaled to365 days per1MW; no forecast of future return,,,
QLD1,nominal4mwh sparse minus raw,1,21372.822533847648,21.94334962407356,9.919757703788255,35.90298505133612,8009.322612786849,3620.711561882713,13104.589543737682,973 interior paired dates; fixed partial boundaries and common endpoint mark differences,561,412,historical difference mechanically scaled to365 days per1MW; no forecast of future return,,,
SA1,nominal4mwh sparse minus raw,1,49359.16686209873,50.676762692093156,19.176553578569035,91.43300763538629,18497.018382614002,6999.442056177698,33373.047786915995,973 interior paired dates; fixed partial boundaries and common endpoint mark differences,572,401,historical difference mechanically scaled to365 days per1MW; no forecast of future return,,,
TAS1,nominal4mwh sparse minus raw,1,-5677.340007878272,-5.828891178519787,-20.565483784453033,9.740709016826933,-2127.545280159722,-7506.401581325357,3555.358791141831,973 interior paired dates; fixed partial boundaries and common endpoint mark differences,474,498,historical difference mechanically scaled to365 days per1MW; no forecast of future return,,,
VIC1,nominal4mwh sparse minus raw,1,10046.28162088932,10.314457516313471,0.7632125971555693,20.041601956758473,3764.776993454417,278.57259796178283,7315.184714216843,973 interior paired dates; fixed partial boundaries and common endpoint mark differences,563,410,historical difference mechanically scaled to365 days per1MW; no forecast of future return,,,
five_independent_assets_sum,nominal4mwh sparse minus raw,5,118753.65119261807,121.92366652219515,65.86734255055586,187.2264935251389,8900.427656120246,4808.316006190578,13667.534027335138,973 interior paired dates; fixed partial boundaries and common endpoint mark differences,553,420,historical difference mechanically scaled to365 days per1MW; no forecast of future return,,,
NSW1,terminal0 sparse minus raw,1,45518.14435287559,46.73320775449239,21.043247771028792,80.22639494197611,17057.620830389722,7680.785436425509,29282.63415382128,973 interior paired dates; fixed partial boundaries and common endpoint mark differences,587,386,historical difference mechanically scaled to365 days per1MW; no forecast of future return,,,
QLD1,terminal0 sparse minus raw,1,41814.92770250706,42.93113727156783,15.336780320118464,77.65667999653584,15669.865104122257,5597.92481684324,28344.68819873558,973 interior paired dates; fixed partial boundaries and common endpoint mark differences,567,406,historical difference mechanically scaled to365 days per1MW; no forecast of future return,,,
SA1,terminal0 sparse minus raw,1,21513.33796220267,22.08761597762081,-11.94845217800299,56.41478881596724,8061.979831831596,-4361.185044971091,20591.397917828042,973 interior paired dates; fixed partial boundaries and common endpoint mark differences,606,367,historical difference mechanically scaled to365 days per1MW; no forecast of future return,,,
TAS1,terminal0 sparse minus raw,1,-1995.6827189979158,-2.048955563652891,-11.408089109762246,6.701927767975673,-747.8687807333051,-4163.95252506322,2446.2036353111207,973 interior paired dates; fixed partial boundaries and common endpoint mark differences,509,464,historical difference mechanically scaled to365 days per1MW; no forecast of future return,,,
VIC1,terminal0 sparse minus raw,1,15780.371317576151,16.201613262398514,7.88562139244591,25.85866662871362,5913.588840775457,2878.2518082427573,9438.41331948047,973 interior paired dates; fixed partial boundaries and common endpoint mark differences,579,394,historical difference mechanically scaled to365 days per1MW; no forecast of future return,,,
five_independent_assets_sum,terminal0 sparse minus raw,5,122631.09861616371,125.9046187024268,60.71072758944095,201.980836977518,9191.037165277156,4431.8831140291895,14744.601099358813,973 interior paired dates; fixed partial boundaries and common endpoint mark differences,626,347,historical difference mechanically scaled to365 days per1MW; no forecast of future return,,,
NSW1,terminal0.91 sparse minus raw,1,44531.094052579254,45.71980908889041,19.744023359068027,79.60884532724383,16687.730317445,7206.56852605983,29057.228544444,973 interior paired dates; fixed partial boundaries and common endpoint mark differences,593,380,historical difference mechanically scaled to365 days per1MW; no forecast of future return,,,
QLD1,terminal0.91 sparse minus raw,1,42048.23302821978,43.17067046018458,15.622478816832059,77.84941630159524,15757.294717967372,5702.204768143702,28415.036950082264,973 interior paired dates; fixed partial boundaries and common endpoint mark differences,583,390,historical difference mechanically scaled to365 days per1MW; no forecast of future return,,,
SA1,terminal0.91 sparse minus raw,1,19701.03004855581,20.22693023465689,-12.969117926547037,53.615181668272285,7382.829535649765,-4733.728043189669,19569.541308919383,973 interior paired dates; fixed partial boundaries and common endpoint mark differences,599,374,historical difference mechanically scaled to365 days per1MW; no forecast of future return,,,
TAS1,terminal0.91 sparse minus raw,1,-2262.209978092382,-2.3225975134418704,-11.828483773640734,6.377488491600823,-847.7480924062827,-4317.396577378868,2327.7832994343003,973 interior paired dates; fixed partial boundaries and common endpoint mark differences,493,480,historical difference mechanically scaled to365 days per1MW; no forecast of future return,,,
VIC1,terminal0.91 sparse minus raw,1,15927.403386913677,16.35257021243704,8.200218681093325,25.961804475155766,5968.68812753952,2993.079818599064,9476.058633431854,973 interior paired dates; fixed partial boundaries and common endpoint mark differences,575,398,historical difference mechanically scaled to365 days per1MW; no forecast of future return,,,
five_independent_assets_sum,terminal0.91 sparse minus raw,5,119945.55053817597,123.14738248272687,58.15509467284337,198.94854734522178,8989.758921239061,4245.321911117566,14523.24395620119,973 interior paired dates; fixed partial boundaries and common endpoint mark differences,610,363,historical difference mechanically scaled to365 days per1MW; no forecast of future return,,,
NSW1,sparse minus selected current-only,1,17906.166359569994,18.38415437327515,-7.9165415758697195,49.699967136337946,6710.216346245429,-2889.5376751924478,18140.48800476335,973 interior paired dates; fixed partial boundaries and common endpoint mark differences,453,520,historical difference mechanically scaled to365 days per1MW; no forecast of future return,sparse_equal,current_smooth_a050,
QLD1,sparse minus selected current-only,1,14350.960536246886,14.734045725099472,-10.318770907780129,42.97626495158842,5377.926689661307,-3766.351381339747,15686.336707329772,973 interior paired dates; fixed partial boundaries and common endpoint mark differences,465,508,historical difference mechanically scaled to365 days per1MW; no forecast of future return,sparse_equal,current_smooth_a050,
SA1,sparse minus selected current-only,1,21899.626984725008,22.48421661676079,-8.154394985554415,54.86893192257107,8206.739065117688,-2976.3541697273613,20027.16015173844,973 interior paired dates; fixed partial boundaries and common endpoint mark differences,517,456,historical difference mechanically scaled to365 days per1MW; no forecast of future return,sparse_equal,current_smooth_a025,
TAS1,sparse minus selected current-only,1,-21304.210957187366,-21.872906526886414,-43.852300128804764,-5.16008042002418,-7983.610882313541,-16006.089547013738,-1883.4293533088255,973 interior paired dates; fixed partial boundaries and common endpoint mark differences,430,539,historical difference mechanically scaled to365 days per1MW; no forecast of future return,sparse_equal,current_shrink_a050,
VIC1,sparse minus selected current-only,1,-3565.335606800334,-3.660508836550651,-24.589097836736755,11.495811332830622,-1336.0857253409877,-8975.020710408915,4195.971136483176,973 interior paired dates; fixed partial boundaries and common endpoint mark differences,468,505,historical difference mechanically scaled to365 days per1MW; no forecast of future return,sparse_equal,current_smooth_a050,
five_independent_assets_sum,sparse minus selected current-only,5,29287.20731655415,30.069001351698308,-30.78771809869407,96.61403850644545,2195.0370986739767,-2247.5034212046676,7052.824810970518,973 interior paired dates; fixed partial boundaries and common endpoint mark differences,489,484,historical difference mechanically scaled to365 days per1MW; no forecast of future return,,,
NSW1,full_equal minus selected current-only,1,15945.59280243353,16.371245177036478,-6.408372440287577,42.03201859923943,5975.504489618314,-2339.0559407049655,15341.68678872239,973 interior paired dates; fixed partial boundaries and common endpoint mark differences,479,494,historical difference mechanically scaled to365 days per1MW; no forecast of future return,full_equal,current_smooth_a050,
QLD1,full_equal minus selected current-only,1,15641.454900246055,16.058988603948723,-14.2510953042011,46.687943397170194,5861.530840441284,-5201.649786033401,17041.09933996712,973 interior paired dates; fixed partial boundaries and common endpoint mark differences,495,478,historical difference mechanically scaled to365 days per1MW; no forecast of future return,full_equal,current_smooth_a050,
SA1,full_equal minus selected current-only,1,36152.67565611005,37.11773681325467,5.359453161717478,74.79170702684544,13547.973936837956,1956.2004040268794,27298.973064798585,973 interior paired dates; fixed partial boundaries and common endpoint mark differences,481,492,historical difference mechanically scaled to365 days per1MW; no forecast of future return,full_equal,current_smooth_a025,
TAS1,full_equal minus selected current-only,1,-26416.403182184076,-27.121563842078107,-42.593263425586215,-12.041053571724541,-9899.37080235851,-15546.541150338968,-4394.984553679457,973 interior paired dates; fixed partial boundaries and common endpoint mark differences,415,553,historical difference mechanically scaled to365 days per1MW; no forecast of future return,full_equal,current_shrink_a050,
VIC1,full_equal minus selected current-only,1,816.722148108267,0.8385237660249147,-21.333304701504392,17.941609304154866,306.0611745990939,-7786.656216049103,6548.687396016526,973 interior paired dates; fixed partial boundaries and common endpoint mark differences,516,457,historical difference mechanically scaled to365 days per1MW; no forecast of future return,full_equal,current_smooth_a050,
five_independent_assets_sum,full_equal minus selected current-only,5,42140.0423247139,43.26493051818675,-21.868518116712988,114.60231772471916,3158.339927827633,-1596.4018225200482,8365.969193904499,973 interior paired dates; fixed partial boundaries and common endpoint mark differences,457,516,historical difference mechanically scaled to365 days per1MW; no forecast of future return,,,
NSW1,inverse_lead minus selected current-only,1,12805.787402622169,13.147625670043295,-6.180615252248008,33.5442563708327,4798.883369565803,-2255.9245670705227,12243.653575353936,973 interior paired dates; fixed partial boundaries and common endpoint mark differences,497,476,historical difference mechanically scaled to365 days per1MW; no forecast of future return,inverse_lead,current_smooth_a050,
QLD1,inverse_lead minus selected current-only,1,11617.177877043083,11.927287348093515,-15.449451510185849,39.67326407764505,4353.459882054133,-5639.049801217835,14480.741388340444,973 interior paired dates; fixed partial boundaries and common endpoint mark differences,492,481,historical difference mechanically scaled to365 days per1MW; no forecast of future return,inverse_lead,current_smooth_a050,
SA1,inverse_lead minus selected current-only,1,55138.05137427681,56.60990900849775,23.01277995671222,97.04479422444099,20662.61678810168,8399.664684199959,35421.34989192096,973 interior paired dates; fixed partial boundaries and common endpoint mark differences,520,453,historical difference mechanically scaled to365 days per1MW; no forecast of future return,inverse_lead,current_smooth_a025,
TAS1,inverse_lead minus selected current-only,1,-15575.259819978914,-15.991026509218598,-30.71318964760271,-0.7594434443165295,-5836.724675864788,-11210.314221374989,-277.1968571755333,973 interior paired dates; fixed partial boundaries and common endpoint mark differences,425,545,historical difference mechanically scaled to365 days per1MW; no forecast of future return,inverse_lead,current_shrink_a050,
VIC1,inverse_lead minus selected current-only,1,12063.354612561961,12.385374345546161,2.8775281483207413,23.86865198395892,4520.661636124349,1050.2977741370705,8712.057974145006,973 interior paired dates; fixed partial boundaries and common endpoint mark differences,525,448,historical difference mechanically scaled to365 days per1MW; no forecast of future return,inverse_lead,current_smooth_a050,
five_independent_assets_sum,inverse_lead minus selected current-only,5,76049.1114465252,78.07916986296222,16.91481911582969,145.90825603099293,5699.779399996242,1234.7817954555674,10651.302690262484,973 interior paired dates; fixed partial boundaries and common endpoint mark differences,492,481,historical difference mechanically scaled to365 days per1MW; no forecast of future return,,,
NSW1,incremental history minus incremental level,1,0.0,0.0,0.0,0.0,0.0,0.0,0.0,973 interior paired dates; fixed partial boundaries and common endpoint mark differences,0,0,historical difference mechanically scaled to365 days per1MW; no forecast of future return,incremental_a000,incremental_a000,
QLD1,incremental history minus incremental level,1,59204.5444230905,60.78495320645842,41.443258840910886,79.85251522496685,22186.507920357322,15126.789476932474,29146.1680571129,973 interior paired dates; fixed partial boundaries and common endpoint mark differences,762,211,historical difference mechanically scaled to365 days per1MW; no forecast of future return,incremental_history_a025,incremental_level_a025,
SA1,incremental history minus incremental level,1,-2430.4503130142693,-2.495328863464342,-22.767844584073305,13.670171280344018,-910.7950351644848,-8310.263273186756,4989.612517325567,973 interior paired dates; fixed partial boundaries and common endpoint mark differences,541,432,historical difference mechanically scaled to365 days per1MW; no forecast of future return,incremental_history_a025,incremental_level_a025,
TAS1,incremental history minus incremental level,1,-6932.888733787091,-7.117955578836849,-31.154706144125935,19.71421586740816,-2598.05378627545,-11371.467742605966,7195.688791603979,973 interior paired dates; fixed partial boundaries and common endpoint mark differences,440,533,historical difference mechanically scaled to365 days per1MW; no forecast of future return,incremental_history_a100,incremental_level_a100,
VIC1,incremental history minus incremental level,1,0.0,0.0,0.0,0.0,0.0,0.0,0.0,973 interior paired dates; fixed partial boundaries and common endpoint mark differences,0,0,historical difference mechanically scaled to365 days per1MW; no forecast of future return,incremental_a000,incremental_a000,
five_independent_assets_sum,incremental history minus incremental level,5,49841.20537628909,51.171668764157175,18.030432225902956,83.24804557096977,3735.5318197834736,1316.2215524909157,6077.1073266807925,973 interior paired dates; fixed partial boundaries and common endpoint mark differences,639,334,historical difference mechanically scaled to365 days per1MW; no forecast of future return,,,
NSW1,freshness archive-value interaction sparse_equal,1,-15868.360391405586,-16.291951120539615,-51.388805199926374,15.48210483370822,-5946.56215899696,-18756.913897973125,5650.9682643035,973 interior paired dates; fixed partial boundaries and common endpoint mark differences,530,443,historical difference mechanically scaled to365 days per1MW; no forecast of future return,,,(archive minus raw at cutoff30) minus (archive minus raw at cutoff60); all four actual chronological replays
QLD1,freshness archive-value interaction sparse_equal,1,2665.4565452064853,2.7366083626349953,-18.232936642294845,20.964006169417036,998.8620523617733,-6655.021874437619,7651.8622518372185,973 interior paired dates; fixed partial boundaries and common endpoint mark differences,560,413,historical difference mechanically scaled to365 days per1MW; no forecast of future return,,,(archive minus raw at cutoff30) minus (archive minus raw at cutoff60); all four actual chronological replays
SA1,freshness archive-value interaction sparse_equal,1,15729.265982393466,16.1491437190898,-25.001584495316106,55.46461308960276,5894.437457467777,-9125.578340790378,20244.583777705007,973 interior paired dates; fixed partial boundaries and common endpoint mark differences,498,475,historical difference mechanically scaled to365 days per1MW; no forecast of future return,,,(archive minus raw at cutoff30) minus (archive minus raw at cutoff60); all four actual chronological replays
TAS1,freshness archive-value interaction sparse_equal,1,3858.799913404371,3.961806892612291,-11.024542174380484,19.70478328096276,1446.0595158034862,-4023.9578936488765,7192.245897551408,973 interior paired dates; fixed partial boundaries and common endpoint mark differences,478,493,historical difference mechanically scaled to365 days per1MW; no forecast of future return,,,(archive minus raw at cutoff30) minus (archive minus raw at cutoff60); all four actual chronological replays
VIC1,freshness archive-value interaction sparse_equal,1,1030.8511869510694,1.0583687751037674,-19.712650015350206,15.954892720464096,386.3046029128751,-7195.117255602825,5823.535842969395,973 interior paired dates; fixed partial boundaries and common endpoint mark differences,518,455,historical difference mechanically scaled to365 days per1MW; no forecast of future return,,,(archive minus raw at cutoff30) minus (archive minus raw at cutoff60); all four actual chronological replays
five_independent_assets_sum,freshness archive-value interaction sparse_equal,5,7416.013236549814,7.613976628901247,-60.5898516680955,74.1116983983705,555.8202939097911,-4423.059171770971,5410.153983081047,973 interior paired dates; fixed partial boundaries and common endpoint mark differences,540,433,historical difference mechanically scaled to365 days per1MW; no forecast of future return,,,joint calendar blocks of the four-replay freshness interaction across five independent assets
NSW1,freshness archive-value interaction inverse_lead,1,-17052.944752988522,-17.508156830583697,-50.63482789681174,13.771361070007464,-6390.47724316305,-18481.712182336287,5026.546790552724,973 interior paired dates; fixed partial boundaries and common endpoint mark differences,531,442,historical difference mechanically scaled to365 days per1MW; no forecast of future return,,,(archive minus raw at cutoff30) minus (archive minus raw at cutoff60); all four actual chronological replays
QLD1,freshness archive-value interaction inverse_lead,1,3471.746950605884,3.5644219205399224,-13.594375541162318,18.85063703357264,1301.0140009970717,-4961.947072524246,6880.482517254013,973 interior paired dates; fixed partial boundaries and common endpoint mark differences,572,401,historical difference mechanically scaled to365 days per1MW; no forecast of future return,,,(archive minus raw at cutoff30) minus (archive minus raw at cutoff60); all four actual chronological replays
SA1,freshness archive-value interaction inverse_lead,1,2874.92360545852,2.9516669460559752,-23.33824150692088,28.03631341694142,1077.3584353104309,-8518.458150026121,10233.254397183618,973 interior paired dates; fixed partial boundaries and common endpoint mark differences,513,460,historical difference mechanically scaled to365 days per1MW; no forecast of future return,,,(archive minus raw at cutoff30) minus (archive minus raw at cutoff60); all four actual chronological replays
TAS1,freshness archive-value interaction inverse_lead,1,-3552.815834806832,-3.6476548611979793,-15.758534718605885,8.183359790985,-1331.3940243372624,-5751.865172291148,2986.9263237095247,973 interior paired dates; fixed partial boundaries and common endpoint mark differences,488,484,historical difference mechanically scaled to365 days per1MW; no forecast of future return,,,(archive minus raw at cutoff30) minus (archive minus raw at cutoff60); all four actual chronological replays
VIC1,freshness archive-value interaction inverse_lead,1,-6322.818894048483,-6.491600507236636,-23.84600231944624,6.541180471985722,-2369.434185141372,-8703.790846597876,2387.5308722747886,973 interior paired dates; fixed partial boundaries and common endpoint mark differences,519,454,historical difference mechanically scaled to365 days per1MW; no forecast of future return,,,(archive minus raw at cutoff30) minus (archive minus raw at cutoff60); all four actual chronological replays
five_independent_assets_sum,freshness archive-value interaction inverse_lead,5,-20581.908925779426,-21.131323332422408,-76.43701230082625,31.404717501157428,-1542.586603266836,-5579.901897960316,2292.5443775844924,973 interior paired dates; fixed partial boundaries and common endpoint mark differences,530,443,historical difference mechanically scaled to365 days per1MW; no forecast of future return,,,joint calendar blocks of the four-replay freshness interaction across five independent assets
