history_rule,region,component,full_value_aud,aud_per_nominal_day,block7_ci_low,block7_ci_high,definition
inverse_lead,NSW1,trading_component_symmetric,43459.87814712842,44.61999809766778,21.6863956999545,70.98078209075733,"four full chronological replays with receding policies; symmetric model-input allocation, not market causal attribution"
inverse_lead,NSW1,terminal_component_symmetric,-3276.249787661858,-3.3637061474967744,-10.119769834618895,0.30515821326151743,"four full chronological replays with receding policies; symmetric model-input allocation, not market causal attribution"
inverse_lead,NSW1,interaction,6444.988133636711,6.61703093802537,-0.5047291896402301,19.940381886774723,"four full chronological replays with receding policies; symmetric model-input allocation, not market causal attribution"
inverse_lead,NSW1,total_history_difference,40183.62835946656,41.256291950171004,19.955556506398523,64.70757665986905,"four full chronological replays with receding policies; symmetric model-input allocation, not market causal attribution"
inverse_lead,QLD1,trading_component_symmetric,39800.30024428127,40.86273125696229,9.516826219415952,74.51487701967721,"four full chronological replays with receding policies; symmetric model-input allocation, not market causal attribution"
inverse_lead,QLD1,terminal_component_symmetric,-98.71566437344882,-0.10135078477766819,-0.7865325339085568,0.5447357327413809,"four full chronological replays with receding policies; symmetric model-input allocation, not market causal attribution"
inverse_lead,QLD1,interaction,1098.151094564877,1.12746518949166,-0.014716525928528653,2.350748726935136,"four full chronological replays with receding policies; symmetric model-input allocation, not market causal attribution"
inverse_lead,QLD1,total_history_difference,39701.58457990782,40.76138047218463,9.497320604028642,74.44943454283833,"four full chronological replays with receding policies; symmetric model-input allocation, not market causal attribution"
inverse_lead,SA1,trading_component_symmetric,53906.954436233034,55.3459491131756,22.473802904804174,97.23856515208662,"four full chronological replays with receding policies; symmetric model-input allocation, not market causal attribution"
inverse_lead,SA1,terminal_component_symmetric,2207.4156432662276,2.266340496166558,-0.3195253437122498,6.004402447433151,"four full chronological replays with receding policies; symmetric model-input allocation, not market causal attribution"
inverse_lead,SA1,interaction,-1638.6810077818227,-1.682424032630208,-5.161332595771233,1.0800736238771274,"four full chronological replays with receding policies; symmetric model-input allocation, not market causal attribution"
inverse_lead,SA1,total_history_difference,56114.37007949926,57.612289609342156,24.44619574119865,99.35844735480754,"four full chronological replays with receding policies; symmetric model-input allocation, not market causal attribution"
inverse_lead,TAS1,trading_component_symmetric,2582.191475288728,2.651120611179392,-11.924425215396631,18.97297338764031,"four full chronological replays with receding policies; symmetric model-input allocation, not market causal attribution"
inverse_lead,TAS1,terminal_component_symmetric,1330.3444944116745,1.3658567704431976,-3.9113453501950404,8.569746717402342,"four full chronological replays with receding policies; symmetric model-input allocation, not market causal attribution"
inverse_lead,TAS1,interaction,-7036.5354473267,-7.224369042429877,-21.447744259893113,1.479669466756651,"four full chronological replays with receding policies; symmetric model-input allocation, not market causal attribution"
inverse_lead,TAS1,total_history_difference,3912.5359697004023,4.016977381622589,-13.566465974946325,25.95776581815384,"four full chronological replays with receding policies; symmetric model-input allocation, not market causal attribution"
inverse_lead,VIC1,trading_component_symmetric,31498.610362233245,32.33943569017787,17.97734480585174,51.778628094003885,"four full chronological replays with receding policies; symmetric model-input allocation, not market causal attribution"
inverse_lead,VIC1,terminal_component_symmetric,17.976931625627913,0.018456808650542004,-0.6160616719021698,0.6471037237455254,"four full chronological replays with receding policies; symmetric model-input allocation, not market causal attribution"
inverse_lead,VIC1,interaction,220.83382012916263,0.22672876809975628,-0.8954525464446964,1.3503031881790784,"four full chronological replays with receding policies; symmetric model-input allocation, not market causal attribution"
inverse_lead,VIC1,total_history_difference,31516.587293858873,32.35789249882841,18.06600593233551,51.71833847907228,"four full chronological replays with receding policies; symmetric model-input allocation, not market causal attribution"
inverse_lead,five_independent_assets_sum,trading_component_symmetric,171247.9346651647,175.81923476916293,105.34520797496461,256.2140767227333,joint calendar-date blocks across five independent 1 MW assets
inverse_lead,five_independent_assets_sum,terminal_component_symmetric,180.77161726822305,0.18559714298585528,-9.742910736385278,9.75481609362468,joint calendar-date blocks across five independent 1 MW assets
inverse_lead,five_independent_assets_sum,interaction,-911.2434067777722,-0.935568179443298,-18.735101969674552,16.734357539449142,joint calendar-date blocks across five independent 1 MW assets
inverse_lead,five_independent_assets_sum,total_history_difference,171428.70628243292,176.00483191214877,104.90002689904838,258.6491196503239,joint calendar-date blocks across five independent 1 MW assets
