setting,policy,origins,solves,marked_value_aud,seconds,minus_same_setting_Cstar_aud,minus_same_setting_Cstar_aud_per_day,minus_own_baseline_aud
baseline,current_smooth_a050,1488,1488,7394.322013053616,3.4579182000015862,0.0,0.0,0.0
baseline,inverse_lead,1488,1488,12332.261637738808,3.359374799998477,4937.939624685192,159.2883749898449,0.0
baseline,sparse_equal,1488,1488,6206.820436982339,3.5164580999989994,-1187.5015760712768,-38.30650245391215,0.0
power0.5,current_smooth_a050,1488,1488,4914.141829266126,3.2140002999803983,0.0,0.0,-2480.18018378749
power0.5,inverse_lead,1488,1488,7382.4213992108525,3.1016309000260662,2468.279569944727,79.62192161112023,-4949.840238527955
power0.5,sparse_equal,1488,1488,4628.3180211036,3.0349567999946885,-285.8238081625259,-9.220122843952447,-1578.5024158787392
power2.0,current_smooth_a050,1488,1488,8989.803635504051,3.817775300005451,0.0,0.0,1595.4816224504357
power2.0,inverse_lead,1488,1488,16046.480536660705,3.636945000005653,7056.676901156654,227.63473874698883,3714.2188989218976
power2.0,sparse_equal,1488,1488,6343.184582376489,4.100393700005952,-2646.6190531275624,-85.37480816540524,136.36414539415
terminal2.0,current_smooth_a050,1488,1488,6828.885722850818,4.273768700018991,0.0,0.0,-565.4362902027979
terminal2.0,inverse_lead,1488,1488,12241.57392848699,4.001326300000073,5412.688205636173,174.60284534310236,-90.68770925181707
terminal2.0,sparse_equal,1488,1488,5806.211324910213,4.334695099998498,-1022.6743979406046,-32.98949670776144,-400.60911207212575
native_prefix4h_trade2h,current_smooth_a050,1488,1488,7335.297441719805,2.7355368999997154,0.0,0.0,-59.024571333810854
native_prefix4h_trade2h,inverse_lead,1488,1488,12195.347771465686,2.71264370001154,4860.050329745881,156.77581708857682,-136.91386627312204
native_prefix4h_trade2h,sparse_equal,1488,1488,6075.0394573677095,2.770802699989872,-1260.2579843520953,-40.653483366196625,-131.78097961462936
update60min_execute_two_planned_steps,current_smooth_a050,1488,744,7593.52716960739,1.7674574000120629,0.0,0.0,199.20515655377403
update60min_execute_two_planned_steps,inverse_lead,1488,744,12207.899650552718,1.6878956999862567,4614.372480945328,148.85072519178476,-124.36198718609012
update60min_execute_two_planned_steps,sparse_equal,1488,744,6221.807628803542,1.6585718999849632,-1371.7195408038478,-44.24901744528542,14.987191821202941
